"_","Id","Energy_Area__c"
"[Charging_Facility__c]","a239Y0000000YfkQAE","NO1"
"[Charging_Facility__c]","a239Y0000000YflQAE","NO1"
"[Charging_Facility__c]","a239Y0000000YfmQAE","NO1"
"[Charging_Facility__c]","a239Y0000000YfnQAE","NO1"
"[Charging_Facility__c]","a239Y0000000YfoQAE","NO1"
"[Charging_Facility__c]","a239Y0000000YfpQAE","NO1"
"[Charging_Facility__c]","a239Y0000000YfqQAE","NO1"
"[Charging_Facility__c]","a239Y0000000YfrQAE","NO1"
"[Charging_Facility__c]","a239Y0000000YfsQAE","NO1"
"[Charging_Facility__c]","a239Y0000000YftQAE","NO3"
"[Charging_Facility__c]","a239Y0000000YfuQAE","NO3"
"[Charging_Facility__c]","a239Y0000000YfvQAE","NO3"
"[Charging_Facility__c]","a239Y0000000YfxQAE","NO3"
"[Charging_Facility__c]","a239Y0000000YfyQAE","NO3"
"[Charging_Facility__c]","a239Y0000000YfzQAE","NO3"
"[Charging_Facility__c]","a239Y0000000Yg0QAE","NO1"
"[Charging_Facility__c]","a239Y0000000Yg1QAE","NO1"
"[Charging_Facility__c]","a239Y0000000Yg2QAE","NO1"
"[Charging_Facility__c]","a239Y0000000Yg3QAE","NO1"
"[Charging_Facility__c]","a239Y0000000Yg4QAE","NO3"
"[Charging_Facility__c]","a239Y0000000Yg5QAE","NO1"
"[Charging_Facility__c]","a239Y0000000Yg6QAE","NO1"
"[Charging_Facility__c]","a239Y0000000Yg7QAE","NO3"
"[Charging_Facility__c]","a239Y0000000Yg8QAE","NO1"
"[Charging_Facility__c]","a239Y0000000Yg9QAE","NO3"
"[Charging_Facility__c]","a239Y0000000YgAQAU","NO3"
"[Charging_Facility__c]","a239Y0000000YgBQAU","NO3"
"[Charging_Facility__c]","a239Y0000000YgCQAU","NO3"
"[Charging_Facility__c]","a239Y0000000YgDQAU","NO1"
"[Charging_Facility__c]","a239Y0000000YgEQAU","NO1"
"[Charging_Facility__c]","a239Y0000000YgFQAU","NO1"
"[Charging_Facility__c]","a239Y0000000YgGQAU","NO3"
"[Charging_Facility__c]","a239Y0000000YgHQAU","NO1"
"[Charging_Facility__c]","a239Y0000000YgIQAU","NO1"
"[Charging_Facility__c]","a239Y0000000YgJQAU","NO1"
"[Charging_Facility__c]","a239Y0000000YgKQAU","NO1"
"[Charging_Facility__c]","a239Y0000000YgLQAU","NO3"
"[Charging_Facility__c]","a239Y0000000YgMQAU","NO3"
"[Charging_Facility__c]","a239Y0000000YgNQAU","NO1"
"[Charging_Facility__c]","a239Y0000000YgOQAU","NO3"
"[Charging_Facility__c]","a239Y0000000YgPQAU","NO5"
"[Charging_Facility__c]","a239Y0000000YgQQAU","NO1"
"[Charging_Facility__c]","a239Y0000000YgRQAU","NO3"
"[Charging_Facility__c]","a239Y0000000YgSQAU","NO1"
"[Charging_Facility__c]","a239Y0000000YgTQAU","NO3"
"[Charging_Facility__c]","a239Y0000000YgUQAU","NO1"
"[Charging_Facility__c]","a239Y0000000YgVQAU","NO1"
"[Charging_Facility__c]","a239Y0000000YgWQAU","NO3"
"[Charging_Facility__c]","a239Y0000000YgXQAU","NO3"
"[Charging_Facility__c]","a239Y0000000YgYQAU","NO3"
"[Charging_Facility__c]","a239Y0000000YgZQAU","NO1"
"[Charging_Facility__c]","a239Y0000000YgaQAE","NO1"
"[Charging_Facility__c]","a239Y0000000YgbQAE","NO3"
"[Charging_Facility__c]","a239Y0000000YgcQAE",""
"[Charging_Facility__c]","a239Y0000000YgdQAE","NO5"
"[Charging_Facility__c]","a239Y0000000YgeQAE","NO3"
"[Charging_Facility__c]","a239Y0000000YgfQAE","NO1"
"[Charging_Facility__c]","a239Y0000000YggQAE","NO1"
"[Charging_Facility__c]","a239Y0000000YghQAE","NO1"
"[Charging_Facility__c]","a239Y0000000YgiQAE","NO1"
"[Charging_Facility__c]","a239Y0000000YgjQAE","NO3"
"[Charging_Facility__c]","a239Y0000000YglQAE","NO1"
"[Charging_Facility__c]","a239Y0000000YgmQAE","NO1"
"[Charging_Facility__c]","a239Y0000000YgnQAE","NO1"
"[Charging_Facility__c]","a239Y0000000YgoQAE","NO3"
"[Charging_Facility__c]","a239Y0000000YgpQAE","NO1"
"[Charging_Facility__c]","a239Y0000000YgqQAE","NO1"
"[Charging_Facility__c]","a239Y0000000YgrQAE","NO1"
"[Charging_Facility__c]","a239Y0000000YgsQAE","NO2"
"[Charging_Facility__c]","a239Y0000000YgtQAE","NO1"
"[Charging_Facility__c]","a239Y0000000YguQAE","NO1"
"[Charging_Facility__c]","a239Y0000000YgvQAE","NO1"
"[Charging_Facility__c]","a239Y0000000YgwQAE","NO3"
"[Charging_Facility__c]","a239Y0000000YgxQAE","NO3"
"[Charging_Facility__c]","a239Y0000000YgzQAE","NO1"
"[Charging_Facility__c]","a239Y0000000Yh0QAE","NO1"
"[Charging_Facility__c]","a239Y0000000Yh1QAE","NO1"
"[Charging_Facility__c]","a239Y0000000Yh2QAE","NO2"
"[Charging_Facility__c]","a239Y0000000Yh3QAE","NO1"
"[Charging_Facility__c]","a239Y0000000Yh4QAE","NO1"
"[Charging_Facility__c]","a239Y0000000Yh5QAE","NO1"
"[Charging_Facility__c]","a239Y0000000Yh6QAE",""
"[Charging_Facility__c]","a239Y0000000Yh7QAE","NO1"
"[Charging_Facility__c]","a239Y0000000Yh8QAE","NO3"
"[Charging_Facility__c]","a239Y0000000Yh9QAE","NO3"
"[Charging_Facility__c]","a239Y0000000YhAQAU","NO1"
"[Charging_Facility__c]","a239Y0000000YhBQAU","NO3"
"[Charging_Facility__c]","a239Y0000000YhCQAU","NO1"
"[Charging_Facility__c]","a239Y0000000YhDQAU","NO1"
"[Charging_Facility__c]","a239Y0000000YhEQAU","NO5"
"[Charging_Facility__c]","a239Y0000000YhFQAU","NO1"
"[Charging_Facility__c]","a239Y0000000YhGQAU","NO1"
"[Charging_Facility__c]","a239Y0000000YhHQAU","NO1"
"[Charging_Facility__c]","a239Y0000000YhIQAU","NO1"
"[Charging_Facility__c]","a239Y0000000YhKQAU","NO3"
"[Charging_Facility__c]","a239Y0000000YhLQAU","NO2"
"[Charging_Facility__c]","a239Y0000000YhMQAU","NO2"
"[Charging_Facility__c]","a239Y0000000YhNQAU","NO5"
"[Charging_Facility__c]","a239Y0000000YhOQAU","NO5"
"[Charging_Facility__c]","a239Y0000000YhPQAU","NO5"
"[Charging_Facility__c]","a239Y0000000YhQQAU","NO1"
"[Charging_Facility__c]","a239Y0000000YhRQAU","NO1"
"[Charging_Facility__c]","a239Y0000000YhSQAU","NO1"
"[Charging_Facility__c]","a239Y0000000YhTQAU","NO1"
"[Charging_Facility__c]","a239Y0000000YhUQAU","NO1"
"[Charging_Facility__c]","a239Y0000000YhVQAU","NO3"
"[Charging_Facility__c]","a239Y0000000YhWQAU","NO1"
"[Charging_Facility__c]","a239Y0000000YhXQAU","NO1"
"[Charging_Facility__c]","a239Y0000000YhYQAU","NO1"
"[Charging_Facility__c]","a239Y0000000YhZQAU","NO1"
"[Charging_Facility__c]","a239Y0000000YhaQAE","NO3"
"[Charging_Facility__c]","a239Y0000000YhbQAE","NO3"
"[Charging_Facility__c]","a239Y0000000YhcQAE","NO3"
"[Charging_Facility__c]","a239Y0000000YhdQAE","NO3"
"[Charging_Facility__c]","a239Y0000000YheQAE","NO2"
"[Charging_Facility__c]","a239Y0000000YhfQAE","NO3"
"[Charging_Facility__c]","a239Y0000000YhgQAE","NO3"
"[Charging_Facility__c]","a239Y0000000YhhQAE","NO3"
"[Charging_Facility__c]","a239Y0000000YhiQAE","NO1"
"[Charging_Facility__c]","a239Y0000000YhjQAE","NO1"
"[Charging_Facility__c]","a239Y0000000YhkQAE","NO3"
"[Charging_Facility__c]","a239Y0000000YhlQAE","NO2"
"[Charging_Facility__c]","a239Y0000000YhmQAE","NO3"
"[Charging_Facility__c]","a239Y0000000YhnQAE","NO1"
"[Charging_Facility__c]","a239Y0000000YhoQAE","NO1"
"[Charging_Facility__c]","a239Y0000000YhpQAE","NO1"
"[Charging_Facility__c]","a239Y0000000YhqQAE","NO3"
"[Charging_Facility__c]","a239Y0000000YhrQAE","NO1"
"[Charging_Facility__c]","a239Y0000000YhsQAE","NO3"
"[Charging_Facility__c]","a239Y0000000YhtQAE","NO3"
"[Charging_Facility__c]","a239Y0000000YhuQAE","NO5"
"[Charging_Facility__c]","a239Y0000000YhyQAE","NO3"
"[Charging_Facility__c]","a239Y0000000YhzQAE","NO3"
"[Charging_Facility__c]","a239Y0000000Yi0QAE","NO2"
"[Charging_Facility__c]","a239Y0000000Yi1QAE","NO3"
"[Charging_Facility__c]","a239Y0000000Yi2QAE","NO1"
"[Charging_Facility__c]","a239Y0000000Yi3QAE","NO1"
"[Charging_Facility__c]","a239Y0000000Yi4QAE","NO5"
"[Charging_Facility__c]","a239Y0000000Yi5QAE","NO3"
"[Charging_Facility__c]","a239Y0000000Yi6QAE","NO1"
"[Charging_Facility__c]","a239Y0000000Yi7QAE","NO1"
"[Charging_Facility__c]","a239Y0000000Yi8QAE","NO3"
"[Charging_Facility__c]","a239Y0000000Yi9QAE","NO5"
"[Charging_Facility__c]","a239Y0000000YiAQAU","NO2"
"[Charging_Facility__c]","a239Y0000000YiBQAU","NO1"
"[Charging_Facility__c]","a239Y0000000YiCQAU","NO3"
"[Charging_Facility__c]","a239Y0000000YiDQAU","NO3"
"[Charging_Facility__c]","a239Y0000000YiFQAU","NO5"
"[Charging_Facility__c]","a239Y0000000YiGQAU","NO1"
"[Charging_Facility__c]","a239Y0000000YiHQAU","NO2"
"[Charging_Facility__c]","a239Y0000000YiIQAU","NO3"
"[Charging_Facility__c]","a239Y0000000YiJQAU","NO5"
"[Charging_Facility__c]","a239Y0000000YiKQAU","NO3"
"[Charging_Facility__c]","a239Y0000000YiLQAU","NO1"
"[Charging_Facility__c]","a239Y0000000YiMQAU","NO2"
"[Charging_Facility__c]","a239Y0000000YiNQAU","NO1"
"[Charging_Facility__c]","a239Y0000000YiOQAU","NO5"
"[Charging_Facility__c]","a239Y0000000YiPQAU","NO5"
"[Charging_Facility__c]","a239Y0000000YiQQAU","NO3"
"[Charging_Facility__c]","a239Y0000000YiRQAU","NO3"
"[Charging_Facility__c]","a239Y0000000YiSQAU","NO1"
"[Charging_Facility__c]","a239Y0000000YiTQAU","NO1"
"[Charging_Facility__c]","a239Y0000000YiUQAU","NO1"
"[Charging_Facility__c]","a239Y0000000YiVQAU","NO1"
"[Charging_Facility__c]","a239Y0000000YiWQAU","NO1"
"[Charging_Facility__c]","a239Y0000000YiXQAU","NO1"
"[Charging_Facility__c]","a239Y0000000YiYQAU","NO1"
"[Charging_Facility__c]","a239Y0000000YiZQAU","NO3"
"[Charging_Facility__c]","a239Y0000000YiaQAE","NO2"
"[Charging_Facility__c]","a239Y0000000YibQAE","NO2"
"[Charging_Facility__c]","a239Y0000000YicQAE","NO1"
"[Charging_Facility__c]","a239Y0000000YidQAE","NO1"
"[Charging_Facility__c]","a239Y0000000YieQAE","NO3"
"[Charging_Facility__c]","a239Y0000000YifQAE","NO3"
"[Charging_Facility__c]","a239Y0000000YigQAE","NO2"
"[Charging_Facility__c]","a239Y0000000YihQAE","NO1"
"[Charging_Facility__c]","a239Y0000000YiiQAE","NO1"
"[Charging_Facility__c]","a239Y0000000YijQAE","NO1"
"[Charging_Facility__c]","a239Y0000000YikQAE","NO1"
"[Charging_Facility__c]","a239Y0000000YilQAE","NO1"
"[Charging_Facility__c]","a239Y0000000YimQAE","NO3"
"[Charging_Facility__c]","a239Y0000000YinQAE","NO1"
"[Charging_Facility__c]","a239Y0000000YioQAE","NO1"
"[Charging_Facility__c]","a239Y0000000YipQAE","NO3"
"[Charging_Facility__c]","a239Y0000000YiqQAE","NO1"
"[Charging_Facility__c]","a239Y0000000YirQAE","NO3"
"[Charging_Facility__c]","a239Y0000000YisQAE","NO3"
"[Charging_Facility__c]","a239Y0000000YiuQAE","NO1"
"[Charging_Facility__c]","a239Y0000000YivQAE","NO1"
"[Charging_Facility__c]","a239Y0000000YiwQAE","NO2"
"[Charging_Facility__c]","a239Y0000000YixQAE","NO3"
"[Charging_Facility__c]","a239Y0000000YiyQAE","NO3"
"[Charging_Facility__c]","a239Y0000000YizQAE","NO3"
"[Charging_Facility__c]","a239Y0000000Yj0QAE","NO3"
"[Charging_Facility__c]","a239Y0000000Yj1QAE","NO3"
"[Charging_Facility__c]","a239Y0000000Yj2QAE","NO5"
"[Charging_Facility__c]","a239Y0000000Yj3QAE","NO3"
"[Charging_Facility__c]","a239Y0000000Yj9QAE",""
"[Charging_Facility__c]","a239Y0000000YjAQAU","NO3"
"[Charging_Facility__c]","a239Y0000000YjBQAU","NO3"
"[Charging_Facility__c]","a239Y0000000YjCQAU","NO3"
"[Charging_Facility__c]","a239Y0000000YjDQAU","NO1"
"[Charging_Facility__c]","a239Y0000000YjEQAU","NO3"
"[Charging_Facility__c]","a239Y0000000YjFQAU","NO1"
"[Charging_Facility__c]","a239Y0000000YjGQAU","NO1"
"[Charging_Facility__c]","a239Y0000000YjHQAU","NO1"
"[Charging_Facility__c]","a239Y0000000YjIQAU","NO5"
"[Charging_Facility__c]","a239Y0000000YjJQAU","NO1"
"[Charging_Facility__c]","a239Y0000000YjKQAU","NO1"
"[Charging_Facility__c]","a239Y0000000YjLQAU","NO3"
"[Charging_Facility__c]","a239Y0000000YjMQAU","NO3"
"[Charging_Facility__c]","a239Y0000000YjNQAU","NO3"
"[Charging_Facility__c]","a239Y0000000YjOQAU","NO1"
"[Charging_Facility__c]","a239Y0000000YjPQAU","NO5"
"[Charging_Facility__c]","a239Y0000000YjQQAU","NO1"
"[Charging_Facility__c]","a239Y0000000YjRQAU","NO1"
"[Charging_Facility__c]","a239Y0000000YjSQAU","NO3"
"[Charging_Facility__c]","a239Y0000000YjTQAU","NO3"
"[Charging_Facility__c]","a239Y0000000YjUQAU","NO1"
"[Charging_Facility__c]","a239Y0000000YjVQAU","NO1"
"[Charging_Facility__c]","a239Y0000000YjWQAU","NO4"
"[Charging_Facility__c]","a239Y0000000YjXQAU","NO3"
"[Charging_Facility__c]","a239Y0000000YjYQAU","NO5"
"[Charging_Facility__c]","a239Y0000000YjZQAU","NO5"
"[Charging_Facility__c]","a239Y0000000YjaQAE","NO3"
"[Charging_Facility__c]","a239Y0000000YjbQAE","NO1"
"[Charging_Facility__c]","a239Y0000000YjcQAE","NO1"
"[Charging_Facility__c]","a239Y0000000YjdQAE","NO1"
"[Charging_Facility__c]","a239Y0000000YjeQAE","NO1"
"[Charging_Facility__c]","a239Y0000000YjfQAE","NO1"
"[Charging_Facility__c]","a239Y0000000YjgQAE","NO1"
"[Charging_Facility__c]","a239Y0000000YjhQAE","NO1"
"[Charging_Facility__c]","a239Y0000000YjiQAE","NO1"
"[Charging_Facility__c]","a239Y0000000YjjQAE","NO3"
"[Charging_Facility__c]","a239Y0000000YjkQAE","NO5"
"[Charging_Facility__c]","a239Y0000000YjlQAE","NO3"
"[Charging_Facility__c]","a239Y0000000YjmQAE","NO1"
"[Charging_Facility__c]","a239Y0000000YjnQAE","NO3"
"[Charging_Facility__c]","a239Y0000000YjpQAE","NO1"
"[Charging_Facility__c]","a239Y0000000YjrQAE","NO5"
"[Charging_Facility__c]","a239Y0000000YjsQAE","NO3"
"[Charging_Facility__c]","a239Y0000000YjtQAE","NO3"
"[Charging_Facility__c]","a239Y0000000YjuQAE","NO1"
"[Charging_Facility__c]","a239Y0000000YjvQAE","NO1"
"[Charging_Facility__c]","a239Y0000000YjwQAE","NO3"
"[Charging_Facility__c]","a239Y0000000YjxQAE","NO1"
"[Charging_Facility__c]","a239Y0000000YjyQAE","NO1"
"[Charging_Facility__c]","a239Y0000000YjzQAE","NO1"
"[Charging_Facility__c]","a239Y0000000Yk0QAE","NO1"
"[Charging_Facility__c]","a239Y0000000Yk1QAE","NO3"
"[Charging_Facility__c]","a239Y0000000Yk2QAE","NO5"
"[Charging_Facility__c]","a239Y0000000Yk3QAE","NO3"
"[Charging_Facility__c]","a239Y0000000Yk4QAE","NO1"
"[Charging_Facility__c]","a239Y0000000Yk5QAE","NO3"
"[Charging_Facility__c]","a239Y0000000Yk6QAE","NO3"
"[Charging_Facility__c]","a239Y0000000Yk7QAE","NO3"
"[Charging_Facility__c]","a239Y0000000Yk8QAE","NO3"
"[Charging_Facility__c]","a239Y0000000YkAQAU","NO2"
"[Charging_Facility__c]","a239Y0000000YkBQAU","NO3"
"[Charging_Facility__c]","a239Y0000000YkCQAU","NO4"
"[Charging_Facility__c]","a239Y0000000YkDQAU","NO3"
"[Charging_Facility__c]","a239Y0000000YkEQAU","NO1"
"[Charging_Facility__c]","a239Y0000000YkFQAU","NO1"
"[Charging_Facility__c]","a239Y0000000YkGQAU","NO3"
"[Charging_Facility__c]","a239Y0000000YkHQAU","NO3"
"[Charging_Facility__c]","a239Y0000000YkIQAU","NO3"
"[Charging_Facility__c]","a239Y0000000YkKQAU","NO1"
"[Charging_Facility__c]","a239Y0000000YkLQAU","NO3"
"[Charging_Facility__c]","a239Y0000000YkMQAU","NO1"
"[Charging_Facility__c]","a239Y0000000YkNQAU","NO1"
"[Charging_Facility__c]","a239Y0000000YkOQAU","NO3"
"[Charging_Facility__c]","a239Y0000000YkPQAU","NO3"
"[Charging_Facility__c]","a239Y0000000YkQQAU","NO5"
"[Charging_Facility__c]","a239Y0000000YkRQAU","NO1"
"[Charging_Facility__c]","a239Y0000000YkSQAU","NO3"
"[Charging_Facility__c]","a239Y0000000YkTQAU","NO3"
"[Charging_Facility__c]","a239Y0000000YkUQAU","NO1"
"[Charging_Facility__c]","a239Y0000000YkVQAU","NO5"
"[Charging_Facility__c]","a239Y0000000YkWQAU","NO3"
"[Charging_Facility__c]","a239Y0000000YkXQAU","NO5"
"[Charging_Facility__c]","a239Y0000000YkYQAU","NO4"
"[Charging_Facility__c]","a239Y0000000YkZQAU","NO5"
"[Charging_Facility__c]","a239Y0000000YkaQAE","NO3"
"[Charging_Facility__c]","a239Y0000000YkbQAE","NO1"
"[Charging_Facility__c]","a239Y0000000YkcQAE","NO3"
"[Charging_Facility__c]","a239Y0000000YkdQAE","NO1"
"[Charging_Facility__c]","a239Y0000000YkeQAE","NO1"
"[Charging_Facility__c]","a239Y0000000YkfQAE","NO1"
"[Charging_Facility__c]","a239Y0000000YkiQAE","NO3"
"[Charging_Facility__c]","a239Y0000000YkjQAE","NO1"
"[Charging_Facility__c]","a239Y0000000YkkQAE","NO1"
"[Charging_Facility__c]","a239Y0000000YklQAE","NO3"
"[Charging_Facility__c]","a239Y0000000YkmQAE","NO5"
"[Charging_Facility__c]","a239Y0000000YknQAE","NO2"
"[Charging_Facility__c]","a239Y0000000YkoQAE","NO2"
"[Charging_Facility__c]","a239Y0000000YkpQAE","NO3"
"[Charging_Facility__c]","a239Y0000000YkqQAE","NO5"
"[Charging_Facility__c]","a239Y0000000YkrQAE","NO3"
"[Charging_Facility__c]","a239Y0000000YkvQAE","NO3"
"[Charging_Facility__c]","a239Y0000000YkwQAE","NO4"
"[Charging_Facility__c]","a239Y0000000YkxQAE","NO2"
"[Charging_Facility__c]","a239Y0000000YkyQAE","NO1"
"[Charging_Facility__c]","a239Y0000000YkzQAE","NO1"
"[Charging_Facility__c]","a239Y0000000Yl0QAE","NO3"
"[Charging_Facility__c]","a239Y0000000Yl1QAE","NO2"
"[Charging_Facility__c]","a239Y0000000Yl2QAE",""
"[Charging_Facility__c]","a239Y0000000Yl3QAE",""
"[Charging_Facility__c]","a239Y0000000Yl4QAE","NO3"
"[Charging_Facility__c]","a239Y0000000Yl5QAE","NO2"
"[Charging_Facility__c]","a239Y0000000Yl6QAE","NO2"
"[Charging_Facility__c]","a239Y0000000Yl7QAE","NO3"
"[Charging_Facility__c]","a239Y0000000Yl8QAE","NO3"
"[Charging_Facility__c]","a239Y0000000Yl9QAE","NO3"
"[Charging_Facility__c]","a239Y0000000YlAQAU","NO3"
"[Charging_Facility__c]","a239Y0000000YlBQAU","NO3"
"[Charging_Facility__c]","a239Y0000000YlCQAU","NO3"
"[Charging_Facility__c]","a239Y0000000YlDQAU","NO1"
"[Charging_Facility__c]","a239Y0000000YlGQAU","NO3"
"[Charging_Facility__c]","a239Y0000000YlHQAU","NO1"
"[Charging_Facility__c]","a239Y0000000YlIQAU","NO1"
"[Charging_Facility__c]","a239Y0000000YlJQAU","NO3"
"[Charging_Facility__c]","a239Y0000000YlKQAU","NO3"
"[Charging_Facility__c]","a239Y0000000YlLQAU","NO2"
"[Charging_Facility__c]","a239Y0000000YlMQAU","NO1"
"[Charging_Facility__c]","a239Y0000000YlNQAU","NO3"
"[Charging_Facility__c]","a239Y0000000YlOQAU","NO3"
"[Charging_Facility__c]","a239Y0000000YlQQAU","NO1"
"[Charging_Facility__c]","a239Y0000000YlRQAU","NO1"
"[Charging_Facility__c]","a239Y0000000YlSQAU","NO1"
"[Charging_Facility__c]","a239Y0000000YlTQAU","NO3"
"[Charging_Facility__c]","a239Y0000000YlUQAU","NO1"
"[Charging_Facility__c]","a239Y0000000YlVQAU","NO2"
"[Charging_Facility__c]","a239Y0000000YlWQAU","NO3"
"[Charging_Facility__c]","a239Y0000000YlXQAU","NO3"
"[Charging_Facility__c]","a239Y0000000YlYQAU","NO3"
"[Charging_Facility__c]","a239Y0000000YlZQAU","NO3"
"[Charging_Facility__c]","a239Y0000000YlaQAE","NO1"
"[Charging_Facility__c]","a239Y0000000YlbQAE","NO2"
"[Charging_Facility__c]","a239Y0000000YlcQAE","NO5"
"[Charging_Facility__c]","a239Y0000000YldQAE","NO1"
"[Charging_Facility__c]","a239Y0000000YleQAE","NO1"
"[Charging_Facility__c]","a239Y0000000YlfQAE","NO3"
"[Charging_Facility__c]","a239Y0000000YlgQAE","NO5"
"[Charging_Facility__c]","a239Y0000000YlhQAE","NO1"
"[Charging_Facility__c]","a239Y0000000YliQAE","NO1"
"[Charging_Facility__c]","a239Y0000000YljQAE","NO1"
"[Charging_Facility__c]","a239Y0000000YlkQAE","NO3"
"[Charging_Facility__c]","a239Y0000000YllQAE","NO3"
"[Charging_Facility__c]","a239Y0000000YlmQAE","NO1"
"[Charging_Facility__c]","a239Y0000000YlnQAE","NO2"
"[Charging_Facility__c]","a239Y0000000YloQAE","NO1"
"[Charging_Facility__c]","a239Y0000000YlpQAE","NO3"
"[Charging_Facility__c]","a239Y0000000YlqQAE","NO3"
"[Charging_Facility__c]","a239Y0000000YlrQAE","NO1"
"[Charging_Facility__c]","a239Y0000000YlsQAE","NO3"
"[Charging_Facility__c]","a239Y0000000YltQAE","NO2"
"[Charging_Facility__c]","a239Y0000000YluQAE","NO3"
"[Charging_Facility__c]","a239Y0000000YlvQAE","NO1"
"[Charging_Facility__c]","a239Y0000000YlwQAE","NO3"
"[Charging_Facility__c]","a239Y0000000YlxQAE","NO3"
"[Charging_Facility__c]","a239Y0000000YlyQAE","NO2"
"[Charging_Facility__c]","a239Y0000000Ym0QAE","NO5"
"[Charging_Facility__c]","a239Y0000000Ym1QAE","NO1"
"[Charging_Facility__c]","a239Y0000000Ym2QAE","NO3"
"[Charging_Facility__c]","a239Y0000000Ym3QAE","NO1"
"[Charging_Facility__c]","a239Y0000000Ym4QAE","NO2"
"[Charging_Facility__c]","a239Y0000000Ym5QAE","NO1"
"[Charging_Facility__c]","a239Y0000000Ym6QAE","NO3"
"[Charging_Facility__c]","a239Y0000000Ym7QAE","NO1"
"[Charging_Facility__c]","a239Y0000000Ym8QAE","NO2"
"[Charging_Facility__c]","a239Y0000000Ym9QAE","NO3"
"[Charging_Facility__c]","a239Y0000000YmAQAU","NO3"
"[Charging_Facility__c]","a239Y0000000YmBQAU","NO3"
"[Charging_Facility__c]","a239Y0000000YmCQAU","NO3"
"[Charging_Facility__c]","a239Y0000000YmDQAU","NO3"
"[Charging_Facility__c]","a239Y0000000YmEQAU","NO1"
"[Charging_Facility__c]","a239Y0000000YmFQAU","NO1"
"[Charging_Facility__c]","a239Y0000000YmGQAU","NO5"
"[Charging_Facility__c]","a239Y0000000YmHQAU","NO3"
"[Charging_Facility__c]","a239Y0000000YmIQAU","NO1"
"[Charging_Facility__c]","a239Y0000000YmJQAU","NO2"
"[Charging_Facility__c]","a239Y0000000YmKQAU","NO1"
"[Charging_Facility__c]","a239Y0000000YmLQAU","NO3"
"[Charging_Facility__c]","a239Y0000000YmMQAU","NO1"
"[Charging_Facility__c]","a239Y0000000YmNQAU","NO2"
"[Charging_Facility__c]","a239Y0000000YmOQAU","NO1"
"[Charging_Facility__c]","a239Y0000000YmPQAU","NO3"
"[Charging_Facility__c]","a239Y0000000YmQQAU","NO5"
"[Charging_Facility__c]","a239Y0000000YmRQAU","NO3"
"[Charging_Facility__c]","a239Y0000000YmSQAU","NO5"
"[Charging_Facility__c]","a239Y0000000YmTQAU","NO2"
"[Charging_Facility__c]","a239Y0000000YmUQAU","NO2"
"[Charging_Facility__c]","a239Y0000000YmVQAU","NO1"
"[Charging_Facility__c]","a239Y0000000YmWQAU","NO2"
"[Charging_Facility__c]","a239Y0000000YmXQAU","NO1"
"[Charging_Facility__c]","a239Y0000000YmYQAU","NO3"
"[Charging_Facility__c]","a239Y0000000YmZQAU","NO5"
"[Charging_Facility__c]","a239Y0000000YmaQAE","NO3"
"[Charging_Facility__c]","a239Y0000000YmbQAE","NO1"
"[Charging_Facility__c]","a239Y0000000YmcQAE","NO3"
"[Charging_Facility__c]","a239Y0000000YmdQAE","NO3"
"[Charging_Facility__c]","a239Y0000000YmeQAE","NO1"
"[Charging_Facility__c]","a239Y0000000YmfQAE","NO1"
"[Charging_Facility__c]","a239Y0000000YmgQAE","NO1"
"[Charging_Facility__c]","a239Y0000000YmhQAE","NO1"
"[Charging_Facility__c]","a239Y0000000YmiQAE","NO2"
"[Charging_Facility__c]","a239Y0000000YmjQAE","NO2"
"[Charging_Facility__c]","a239Y0000000YmkQAE","NO1"
"[Charging_Facility__c]","a239Y0000000YmlQAE","NO1"
"[Charging_Facility__c]","a239Y0000000YmmQAE","NO1"
"[Charging_Facility__c]","a239Y0000000YmnQAE","NO1"
"[Charging_Facility__c]","a239Y0000000YmoQAE","NO3"
"[Charging_Facility__c]","a239Y0000000YmpQAE","NO1"
"[Charging_Facility__c]","a239Y0000000YmqQAE","NO3"
"[Charging_Facility__c]","a239Y0000000YmrQAE","NO1"
"[Charging_Facility__c]","a239Y0000000YmsQAE","NO3"
"[Charging_Facility__c]","a239Y0000000YmtQAE","NO3"
"[Charging_Facility__c]","a239Y0000000YmuQAE","NO3"
"[Charging_Facility__c]","a239Y0000000YmvQAE","NO3"
"[Charging_Facility__c]","a239Y0000000YmwQAE","NO3"
"[Charging_Facility__c]","a239Y0000000YmxQAE","NO2"
"[Charging_Facility__c]","a239Y0000000YmyQAE","NO1"
"[Charging_Facility__c]","a239Y0000000YmzQAE","NO1"
"[Charging_Facility__c]","a239Y0000000Yn0QAE","NO5"
"[Charging_Facility__c]","a239Y0000000Yn1QAE","NO1"
"[Charging_Facility__c]","a239Y0000000Yn2QAE","NO3"
"[Charging_Facility__c]","a239Y0000000Yn3QAE","NO1"
"[Charging_Facility__c]","a239Y0000000Yn4QAE","NO3"
"[Charging_Facility__c]","a239Y0000000Yn5QAE","NO1"
"[Charging_Facility__c]","a239Y0000000Yn6QAE","NO2"
"[Charging_Facility__c]","a239Y0000000Yn7QAE","NO2"
"[Charging_Facility__c]","a239Y0000000Yn8QAE","NO2"
"[Charging_Facility__c]","a239Y0000000Yn9QAE","NO2"
"[Charging_Facility__c]","a239Y0000000YnAQAU","NO1"
"[Charging_Facility__c]","a239Y0000000YnBQAU","NO1"
"[Charging_Facility__c]","a239Y0000000YnCQAU","NO1"
"[Charging_Facility__c]","a239Y0000000YnDQAU","NO3"
"[Charging_Facility__c]","a239Y0000000YnEQAU","NO1"
"[Charging_Facility__c]","a239Y0000000YnFQAU","NO3"
"[Charging_Facility__c]","a239Y0000000YnGQAU","NO1"
"[Charging_Facility__c]","a239Y0000000YnHQAU","NO3"
"[Charging_Facility__c]","a239Y0000000YnIQAU","NO1"
"[Charging_Facility__c]","a239Y0000000YnJQAU","NO3"
"[Charging_Facility__c]","a239Y0000000YnKQAU","NO5"
"[Charging_Facility__c]","a239Y0000000YnLQAU","NO1"
"[Charging_Facility__c]","a239Y0000000YnMQAU","NO1"
"[Charging_Facility__c]","a239Y0000000YnNQAU","NO1"
"[Charging_Facility__c]","a239Y0000000YnOQAU","NO3"
"[Charging_Facility__c]","a239Y0000000YnPQAU","NO3"
"[Charging_Facility__c]","a239Y0000000YnQQAU","NO1"
"[Charging_Facility__c]","a239Y0000000YnRQAU","NO1"
"[Charging_Facility__c]","a239Y0000000YnSQAU","NO1"
"[Charging_Facility__c]","a239Y0000000YnTQAU","NO3"
"[Charging_Facility__c]","a239Y0000000YnUQAU","NO5"
"[Charging_Facility__c]","a239Y0000000YnVQAU","NO2"
"[Charging_Facility__c]","a239Y0000000YnWQAU","NO5"
"[Charging_Facility__c]","a239Y0000000YnXQAU","NO3"
"[Charging_Facility__c]","a239Y0000000YnYQAU","NO5"
"[Charging_Facility__c]","a239Y0000000YnZQAU","NO1"
"[Charging_Facility__c]","a239Y0000000YnaQAE","NO1"
"[Charging_Facility__c]","a239Y0000000YncQAE","NO3"
"[Charging_Facility__c]","a239Y0000000YndQAE","NO1"
"[Charging_Facility__c]","a239Y0000000YneQAE","NO2"
"[Charging_Facility__c]","a239Y0000000YnfQAE","NO3"
"[Charging_Facility__c]","a239Y0000000YngQAE","NO3"
"[Charging_Facility__c]","a239Y0000000YnhQAE","NO1"
"[Charging_Facility__c]","a239Y0000000YniQAE","NO4"
"[Charging_Facility__c]","a239Y0000000YnjQAE","NO1"
"[Charging_Facility__c]","a239Y0000000YnkQAE","NO3"
"[Charging_Facility__c]","a239Y0000000YnlQAE","NO3"
"[Charging_Facility__c]","a239Y0000000YnmQAE","NO1"
"[Charging_Facility__c]","a239Y0000000YnnQAE","NO1"
"[Charging_Facility__c]","a239Y0000000YnoQAE","NO1"
"[Charging_Facility__c]","a239Y0000000YnpQAE","NO3"
"[Charging_Facility__c]","a239Y0000000YnqQAE","NO3"
"[Charging_Facility__c]","a239Y0000000YnrQAE","NO3"
"[Charging_Facility__c]","a239Y0000000YnsQAE","NO1"
"[Charging_Facility__c]","a239Y0000000YntQAE","NO1"
"[Charging_Facility__c]","a239Y0000000YnuQAE","NO3"
"[Charging_Facility__c]","a239Y0000000YnvQAE","NO3"
"[Charging_Facility__c]","a239Y0000000YnwQAE","NO3"
"[Charging_Facility__c]","a239Y0000000YnxQAE","NO3"
"[Charging_Facility__c]","a239Y0000000YnyQAE","NO1"
"[Charging_Facility__c]","a239Y0000000YnzQAE","NO5"
"[Charging_Facility__c]","a239Y0000000Yo0QAE","NO1"
"[Charging_Facility__c]","a239Y0000000Yo1QAE","NO1"
"[Charging_Facility__c]","a239Y0000000Yo2QAE","NO5"
"[Charging_Facility__c]","a239Y0000000Yo3QAE","NO5"
"[Charging_Facility__c]","a239Y0000000Yo4QAE","NO2"
"[Charging_Facility__c]","a239Y0000000Yo5QAE","NO3"
"[Charging_Facility__c]","a239Y0000000Yo6QAE","NO5"
"[Charging_Facility__c]","a239Y0000000Yo7QAE","NO1"
"[Charging_Facility__c]","a239Y0000000Yo8QAE","NO3"
"[Charging_Facility__c]","a239Y0000000YoAQAU","NO3"
"[Charging_Facility__c]","a239Y0000000YoBQAU","NO1"
"[Charging_Facility__c]","a239Y0000000YoCQAU","NO2"
"[Charging_Facility__c]","a239Y0000000YoDQAU","NO2"
"[Charging_Facility__c]","a239Y0000000YoEQAU","NO3"
"[Charging_Facility__c]","a239Y0000000YoFQAU","NO3"
"[Charging_Facility__c]","a239Y0000000YoGQAU","NO1"
"[Charging_Facility__c]","a239Y0000000YoHQAU","NO1"
"[Charging_Facility__c]","a239Y0000000YoIQAU","NO1"
"[Charging_Facility__c]","a239Y0000000YoJQAU","NO1"
"[Charging_Facility__c]","a239Y0000000YoKQAU","NO1"
"[Charging_Facility__c]","a239Y0000000YoLQAU","NO1"
"[Charging_Facility__c]","a239Y0000000YoMQAU","NO3"
"[Charging_Facility__c]","a239Y0000000YoNQAU","NO3"
"[Charging_Facility__c]","a239Y0000000YoOQAU","NO3"
"[Charging_Facility__c]","a239Y0000000YoPQAU","NO3"
"[Charging_Facility__c]","a239Y0000000YoQQAU","NO2"
"[Charging_Facility__c]","a239Y0000000YoRQAU","NO2"
"[Charging_Facility__c]","a239Y0000000YoSQAU","NO3"
"[Charging_Facility__c]","a239Y0000000YoTQAU","NO3"
"[Charging_Facility__c]","a239Y0000000YoUQAU","NO2"
"[Charging_Facility__c]","a239Y0000000YoVQAU","NO3"
"[Charging_Facility__c]","a239Y0000000YoWQAU","NO1"
"[Charging_Facility__c]","a239Y0000000YoXQAU","NO1"
"[Charging_Facility__c]","a239Y0000000YoYQAU","NO1"
"[Charging_Facility__c]","a239Y0000000YoZQAU","NO2"
"[Charging_Facility__c]","a239Y0000000YoaQAE","NO3"
"[Charging_Facility__c]","a239Y0000000YobQAE","NO1"
"[Charging_Facility__c]","a239Y0000000YocQAE","NO1"
"[Charging_Facility__c]","a239Y0000000YodQAE","NO3"
"[Charging_Facility__c]","a239Y0000000YoeQAE","NO3"
"[Charging_Facility__c]","a239Y0000000YofQAE","NO2"
"[Charging_Facility__c]","a239Y0000000YogQAE","NO1"
"[Charging_Facility__c]","a239Y0000000YohQAE","NO1"
"[Charging_Facility__c]","a239Y0000000YojQAE","NO2"
"[Charging_Facility__c]","a239Y0000000YokQAE","NO1"
"[Charging_Facility__c]","a239Y0000000YolQAE","NO1"
"[Charging_Facility__c]","a239Y0000000YomQAE","NO1"
"[Charging_Facility__c]","a239Y0000000YonQAE","NO1"
"[Charging_Facility__c]","a239Y0000000YooQAE","NO3"
"[Charging_Facility__c]","a239Y0000000YopQAE","NO5"
"[Charging_Facility__c]","a239Y0000000YoqQAE","NO3"
"[Charging_Facility__c]","a239Y0000000YorQAE","NO1"
"[Charging_Facility__c]","a239Y0000000YosQAE","NO1"
"[Charging_Facility__c]","a239Y0000000YotQAE","NO3"
"[Charging_Facility__c]","a239Y0000000YouQAE","NO5"
"[Charging_Facility__c]","a239Y0000000YovQAE","NO3"
"[Charging_Facility__c]","a239Y0000000YowQAE","NO3"
"[Charging_Facility__c]","a239Y0000000YoxQAE","NO5"
"[Charging_Facility__c]","a239Y0000000YozQAE","NO1"
"[Charging_Facility__c]","a239Y0000000Yp0QAE","NO1"
"[Charging_Facility__c]","a239Y0000000Yp1QAE","NO3"
"[Charging_Facility__c]","a239Y0000000Yp2QAE","NO1"
"[Charging_Facility__c]","a239Y0000000Yp3QAE","NO5"
"[Charging_Facility__c]","a239Y0000000Yp5QAE","NO2"
"[Charging_Facility__c]","a239Y0000000Yp6QAE","NO5"
"[Charging_Facility__c]","a239Y0000000Yp7QAE","NO1"
"[Charging_Facility__c]","a239Y0000000Yp9QAE","NO1"
"[Charging_Facility__c]","a239Y0000000YpAQAU","NO1"
"[Charging_Facility__c]","a239Y0000000YpCQAU","NO5"
"[Charging_Facility__c]","a239Y0000000YpDQAU","NO1"
"[Charging_Facility__c]","a239Y0000000YpEQAU","NO1"
"[Charging_Facility__c]","a239Y0000000YpFQAU","NO1"
"[Charging_Facility__c]","a239Y0000000YpGQAU","NO1"
"[Charging_Facility__c]","a239Y0000000YpHQAU","NO1"
"[Charging_Facility__c]","a239Y0000000YpIQAU","NO1"
"[Charging_Facility__c]","a239Y0000000YpJQAU","NO3"
"[Charging_Facility__c]","a239Y0000000YpKQAU","NO1"
"[Charging_Facility__c]","a239Y0000000YpLQAU","NO1"
"[Charging_Facility__c]","a239Y0000000YpMQAU","NO1"
"[Charging_Facility__c]","a239Y0000000YpNQAU","NO2"
"[Charging_Facility__c]","a239Y0000000YpOQAU","NO3"
"[Charging_Facility__c]","a239Y0000000YpPQAU","NO1"
"[Charging_Facility__c]","a239Y0000000YpQQAU","NO3"
"[Charging_Facility__c]","a239Y0000000YpTQAU","NO1"
"[Charging_Facility__c]","a239Y0000000YpUQAU","NO3"
"[Charging_Facility__c]","a239Y0000000YpVQAU","NO3"
"[Charging_Facility__c]","a239Y0000000YpWQAU","NO1"
"[Charging_Facility__c]","a239Y0000000YpXQAU","NO1"
"[Charging_Facility__c]","a239Y0000000YpYQAU","NO1"
"[Charging_Facility__c]","a239Y0000000YpZQAU","NO1"
"[Charging_Facility__c]","a239Y0000000YpaQAE","NO1"
"[Charging_Facility__c]","a239Y0000000YpbQAE","NO3"
"[Charging_Facility__c]","a239Y0000000YpcQAE","NO1"
"[Charging_Facility__c]","a239Y0000000YpdQAE","NO1"
"[Charging_Facility__c]","a239Y0000000YpeQAE","NO5"
"[Charging_Facility__c]","a239Y0000000YpfQAE","NO3"
"[Charging_Facility__c]","a239Y0000000YpgQAE","NO3"
"[Charging_Facility__c]","a239Y0000000YphQAE","NO1"
"[Charging_Facility__c]","a239Y0000000YpiQAE","NO1"
"[Charging_Facility__c]","a239Y0000000YpjQAE","NO2"
"[Charging_Facility__c]","a239Y0000000YpkQAE","NO1"
"[Charging_Facility__c]","a239Y0000000YplQAE","NO3"
"[Charging_Facility__c]","a239Y0000000YpmQAE","NO1"
"[Charging_Facility__c]","a239Y0000000YpnQAE","NO5"
"[Charging_Facility__c]","a239Y0000000YpoQAE","NO3"
"[Charging_Facility__c]","a239Y0000000YppQAE","NO1"
"[Charging_Facility__c]","a239Y0000000YpqQAE","NO1"
"[Charging_Facility__c]","a239Y0000000YprQAE","NO4"
"[Charging_Facility__c]","a239Y0000000YpsQAE","NO1"
"[Charging_Facility__c]","a239Y0000000YptQAE","NO3"
"[Charging_Facility__c]","a239Y0000000YpuQAE","NO1"
"[Charging_Facility__c]","a239Y0000000YpvQAE","NO3"
"[Charging_Facility__c]","a239Y0000000YpwQAE","NO1"
"[Charging_Facility__c]","a239Y0000000YpxQAE","NO5"
"[Charging_Facility__c]","a239Y0000000YpyQAE","NO5"
"[Charging_Facility__c]","a239Y0000000YpzQAE","NO1"
"[Charging_Facility__c]","a239Y0000000Yq0QAE","NO1"
"[Charging_Facility__c]","a239Y0000000Yq1QAE","NO1"
"[Charging_Facility__c]","a239Y0000000Yq2QAE","NO3"
"[Charging_Facility__c]","a239Y0000000Yq3QAE","NO5"
"[Charging_Facility__c]","a239Y0000000Yq4QAE","NO3"
"[Charging_Facility__c]","a239Y0000000Yq5QAE","NO3"
"[Charging_Facility__c]","a239Y0000000Yq6QAE","NO1"
"[Charging_Facility__c]","a239Y0000000Yq7QAE","NO1"
"[Charging_Facility__c]","a239Y0000000Yq8QAE","NO1"
"[Charging_Facility__c]","a239Y0000000Yq9QAE","NO1"
"[Charging_Facility__c]","a239Y0000000YqAQAU","NO1"
"[Charging_Facility__c]","a239Y0000000YqBQAU","NO1"
"[Charging_Facility__c]","a239Y0000000YqCQAU","NO5"
"[Charging_Facility__c]","a239Y0000000YqDQAU","NO1"
"[Charging_Facility__c]","a239Y0000000YqEQAU","NO2"
"[Charging_Facility__c]","a239Y0000000YqFQAU","NO1"
"[Charging_Facility__c]","a239Y0000000YqGQAU","NO1"
"[Charging_Facility__c]","a239Y0000000YqHQAU","NO2"
"[Charging_Facility__c]","a239Y0000000YqIQAU","NO2"
"[Charging_Facility__c]","a239Y0000000YqJQAU","NO1"
"[Charging_Facility__c]","a239Y0000000YqKQAU","NO1"
"[Charging_Facility__c]","a239Y0000000YqLQAU","NO3"
"[Charging_Facility__c]","a239Y0000000YqMQAU","NO1"
"[Charging_Facility__c]","a239Y0000000YqNQAU","NO3"
"[Charging_Facility__c]","a239Y0000000YqOQAU","NO3"
"[Charging_Facility__c]","a239Y0000000YqPQAU","NO3"
"[Charging_Facility__c]","a239Y0000000YqQQAU","NO1"
"[Charging_Facility__c]","a239Y0000000YqRQAU","NO1"
"[Charging_Facility__c]","a239Y0000000YqSQAU","NO3"
"[Charging_Facility__c]","a239Y0000000YqTQAU","NO1"
"[Charging_Facility__c]","a239Y0000000YqUQAU","NO1"
"[Charging_Facility__c]","a239Y0000000YqVQAU","NO5"
"[Charging_Facility__c]","a239Y0000000YqWQAU","NO3"
"[Charging_Facility__c]","a239Y0000000YqXQAU","NO3"
"[Charging_Facility__c]","a239Y0000000YqYQAU","NO1"
"[Charging_Facility__c]","a239Y0000000YqZQAU","NO1"
"[Charging_Facility__c]","a239Y0000000YqaQAE","NO1"
"[Charging_Facility__c]","a239Y0000000YqbQAE","NO3"
"[Charging_Facility__c]","a239Y0000000YqcQAE","NO1"
"[Charging_Facility__c]","a239Y0000000YqdQAE","NO5"
"[Charging_Facility__c]","a239Y0000000YqeQAE","NO1"
"[Charging_Facility__c]","a239Y0000000YqfQAE","NO3"
"[Charging_Facility__c]","a239Y0000000YqgQAE","NO5"
"[Charging_Facility__c]","a239Y0000000YqhQAE","NO2"
"[Charging_Facility__c]","a239Y0000000YqiQAE","NO1"
"[Charging_Facility__c]","a239Y0000000YqjQAE","NO1"
"[Charging_Facility__c]","a239Y0000000YqkQAE","NO1"
"[Charging_Facility__c]","a239Y0000000YqlQAE","NO1"
"[Charging_Facility__c]","a239Y0000000YqmQAE","NO5"
"[Charging_Facility__c]","a239Y0000000YqnQAE","NO3"
"[Charging_Facility__c]","a239Y0000000YqoQAE","NO1"
"[Charging_Facility__c]","a239Y0000000YqqQAE","NO1"
"[Charging_Facility__c]","a239Y0000000YqrQAE","NO3"
"[Charging_Facility__c]","a239Y0000000YqsQAE","NO1"
"[Charging_Facility__c]","a239Y0000000YqtQAE","NO1"
"[Charging_Facility__c]","a239Y0000000YquQAE","NO1"
"[Charging_Facility__c]","a239Y0000000YqvQAE","NO3"
"[Charging_Facility__c]","a239Y0000000YqwQAE","NO1"
"[Charging_Facility__c]","a239Y0000000YqxQAE","NO1"
"[Charging_Facility__c]","a239Y0000000YqyQAE","NO1"
"[Charging_Facility__c]","a239Y0000000YqzQAE","NO1"
"[Charging_Facility__c]","a239Y0000000Yr0QAE","NO5"
"[Charging_Facility__c]","a239Y0000000Yr1QAE","NO3"
"[Charging_Facility__c]","a239Y0000000Yr2QAE","NO1"
"[Charging_Facility__c]","a239Y0000000Yr3QAE","NO2"
"[Charging_Facility__c]","a239Y0000000Yr4QAE","NO2"
"[Charging_Facility__c]","a239Y0000000Yr5QAE","NO2"
"[Charging_Facility__c]","a239Y0000000Yr6QAE","NO5"
"[Charging_Facility__c]","a239Y0000000Yr7QAE","NO1"
"[Charging_Facility__c]","a239Y0000000Yr8QAE","NO2"
"[Charging_Facility__c]","a239Y0000000Yr9QAE","NO1"
"[Charging_Facility__c]","a239Y0000000YrAQAU","NO1"
"[Charging_Facility__c]","a239Y0000000YrBQAU","NO3"
"[Charging_Facility__c]","a239Y0000000YrCQAU","NO5"
"[Charging_Facility__c]","a239Y0000000YrDQAU","NO1"
"[Charging_Facility__c]","a239Y0000000YrEQAU","NO1"
"[Charging_Facility__c]","a239Y0000000YrFQAU","NO1"
"[Charging_Facility__c]","a239Y0000000YrGQAU","NO5"
"[Charging_Facility__c]","a239Y0000000YrHQAU","NO3"
"[Charging_Facility__c]","a239Y0000000YrJQAU","NO1"
"[Charging_Facility__c]","a239Y0000000YrLQAU","NO1"
"[Charging_Facility__c]","a239Y0000000YrMQAU","NO5"
"[Charging_Facility__c]","a239Y0000000YrNQAU","NO5"
"[Charging_Facility__c]","a239Y0000000YrOQAU","NO1"
"[Charging_Facility__c]","a239Y0000000YrPQAU","NO3"
"[Charging_Facility__c]","a239Y0000000YrQQAU","NO3"
"[Charging_Facility__c]","a239Y0000000YrRQAU","NO2"
"[Charging_Facility__c]","a239Y0000000YrSQAU","NO1"
"[Charging_Facility__c]","a239Y0000000YrUQAU","NO3"
"[Charging_Facility__c]","a239Y0000000YrVQAU","NO1"
"[Charging_Facility__c]","a239Y0000000YrWQAU","NO5"
"[Charging_Facility__c]","a239Y0000000YrXQAU","NO3"
"[Charging_Facility__c]","a239Y0000000YrYQAU","NO1"
"[Charging_Facility__c]","a239Y0000000YrZQAU","NO5"
"[Charging_Facility__c]","a239Y0000000YraQAE","NO1"
"[Charging_Facility__c]","a239Y0000000YrbQAE","NO5"
"[Charging_Facility__c]","a239Y0000000YrcQAE","NO1"
"[Charging_Facility__c]","a239Y0000000YrdQAE","NO1"
"[Charging_Facility__c]","a239Y0000000YreQAE","NO5"
"[Charging_Facility__c]","a239Y0000000YrfQAE","NO2"
"[Charging_Facility__c]","a239Y0000000YrgQAE","NO5"
"[Charging_Facility__c]","a239Y0000000YrhQAE","NO5"
"[Charging_Facility__c]","a239Y0000000YriQAE","NO3"
"[Charging_Facility__c]","a239Y0000000YrjQAE","NO1"
"[Charging_Facility__c]","a239Y0000000YrkQAE","NO5"
"[Charging_Facility__c]","a239Y0000000YrlQAE","NO1"
"[Charging_Facility__c]","a239Y0000000YrmQAE","NO5"
"[Charging_Facility__c]","a239Y0000000YrnQAE","NO1"
"[Charging_Facility__c]","a239Y0000000YroQAE","NO1"
"[Charging_Facility__c]","a239Y0000000YrpQAE","NO3"
"[Charging_Facility__c]","a239Y0000000YrqQAE","NO5"
"[Charging_Facility__c]","a239Y0000000YrrQAE","NO3"
"[Charging_Facility__c]","a239Y0000000YrsQAE","NO1"
"[Charging_Facility__c]","a239Y0000000YrtQAE","NO5"
"[Charging_Facility__c]","a239Y0000000YruQAE","NO3"
"[Charging_Facility__c]","a239Y0000000YrvQAE","NO1"
"[Charging_Facility__c]","a239Y0000000YrwQAE","NO3"
"[Charging_Facility__c]","a239Y0000000YrxQAE","NO1"
"[Charging_Facility__c]","a239Y0000000YryQAE","NO2"
"[Charging_Facility__c]","a239Y0000000YrzQAE","NO1"
"[Charging_Facility__c]","a239Y0000000Ys0QAE","NO1"
"[Charging_Facility__c]","a239Y0000000Ys1QAE","NO1"
"[Charging_Facility__c]","a239Y0000000Ys2QAE","NO5"
"[Charging_Facility__c]","a239Y0000000Ys3QAE","NO3"
"[Charging_Facility__c]","a239Y0000000Ys4QAE","NO3"
"[Charging_Facility__c]","a239Y0000000Ys5QAE","NO5"
"[Charging_Facility__c]","a239Y0000000Ys6QAE","NO2"
"[Charging_Facility__c]","a239Y0000000Ys7QAE","NO5"
"[Charging_Facility__c]","a239Y0000000Ys8QAE","NO5"
"[Charging_Facility__c]","a239Y0000000Ys9QAE","NO3"
"[Charging_Facility__c]","a239Y0000000YsAQAU","NO1"
"[Charging_Facility__c]","a239Y0000000YsBQAU","NO1"
"[Charging_Facility__c]","a239Y0000000YsCQAU","NO1"
"[Charging_Facility__c]","a239Y0000000YsDQAU","NO1"
"[Charging_Facility__c]","a239Y0000000YsEQAU","NO1"
"[Charging_Facility__c]","a239Y0000000YsFQAU","NO3"
"[Charging_Facility__c]","a239Y0000000YsGQAU","NO3"
"[Charging_Facility__c]","a239Y0000000YsHQAU","NO1"
"[Charging_Facility__c]","a239Y0000000YsIQAU","NO1"
"[Charging_Facility__c]","a239Y0000000YsKQAU","NO3"
"[Charging_Facility__c]","a239Y0000000YsLQAU","NO3"
"[Charging_Facility__c]","a239Y0000000YsMQAU","NO1"
"[Charging_Facility__c]","a239Y0000000YsNQAU","NO2"
"[Charging_Facility__c]","a239Y0000000YsOQAU","NO3"
"[Charging_Facility__c]","a239Y0000000YsPQAU","NO1"
"[Charging_Facility__c]","a239Y0000000YsQQAU","NO3"
"[Charging_Facility__c]","a239Y0000000YsRQAU","NO1"
"[Charging_Facility__c]","a239Y0000000YsSQAU","NO3"
"[Charging_Facility__c]","a239Y0000000YsTQAU","NO1"
"[Charging_Facility__c]","a239Y0000000YsUQAU","NO5"
"[Charging_Facility__c]","a239Y0000000YsVQAU","NO1"
"[Charging_Facility__c]","a239Y0000000YsWQAU","NO1"
"[Charging_Facility__c]","a239Y0000000YsXQAU","NO2"
"[Charging_Facility__c]","a239Y0000000YsYQAU","NO1"
"[Charging_Facility__c]","a239Y0000000YsZQAU","NO1"
"[Charging_Facility__c]","a239Y0000000YsaQAE","NO2"
"[Charging_Facility__c]","a239Y0000000YsbQAE","NO3"
"[Charging_Facility__c]","a239Y0000000YscQAE","NO3"
"[Charging_Facility__c]","a239Y0000000YsdQAE","NO2"
"[Charging_Facility__c]","a239Y0000000YseQAE","NO1"
"[Charging_Facility__c]","a239Y0000000YsfQAE","NO1"
"[Charging_Facility__c]","a239Y0000000YsgQAE","NO1"
"[Charging_Facility__c]","a239Y0000000YshQAE","NO1"
"[Charging_Facility__c]","a239Y0000000YsiQAE","NO3"
"[Charging_Facility__c]","a239Y0000000YsjQAE","NO1"
"[Charging_Facility__c]","a239Y0000000YskQAE","NO3"
"[Charging_Facility__c]","a239Y0000000YslQAE","NO5"
"[Charging_Facility__c]","a239Y0000000YsnQAE","NO1"
"[Charging_Facility__c]","a239Y0000000YsoQAE","NO1"
"[Charging_Facility__c]","a239Y0000000YspQAE","NO1"
"[Charging_Facility__c]","a239Y0000000YsqQAE","NO3"
"[Charging_Facility__c]","a239Y0000000YsrQAE","NO1"
"[Charging_Facility__c]","a239Y0000000YssQAE","NO1"
"[Charging_Facility__c]","a239Y0000000YstQAE","NO1"
"[Charging_Facility__c]","a239Y0000000YsuQAE","NO1"
"[Charging_Facility__c]","a239Y0000000YsvQAE","NO5"
"[Charging_Facility__c]","a239Y0000000YswQAE","NO3"
"[Charging_Facility__c]","a239Y0000000YsxQAE","NO1"
"[Charging_Facility__c]","a239Y0000000YsyQAE","NO3"
"[Charging_Facility__c]","a239Y0000000Yt3QAE","NO1"
"[Charging_Facility__c]","a239Y0000000Yt4QAE","NO3"
"[Charging_Facility__c]","a239Y0000000Yt5QAE","NO3"
"[Charging_Facility__c]","a239Y0000000Yt6QAE","NO2"
"[Charging_Facility__c]","a239Y0000000Yt7QAE","NO3"
"[Charging_Facility__c]","a239Y0000000Yt8QAE","NO1"
"[Charging_Facility__c]","a239Y0000000Yt9QAE","NO3"
"[Charging_Facility__c]","a239Y0000000YtAQAU","NO3"
"[Charging_Facility__c]","a239Y0000000YtBQAU","NO1"
"[Charging_Facility__c]","a239Y0000000YtCQAU","NO1"
"[Charging_Facility__c]","a239Y0000000YtEQAU","NO3"
"[Charging_Facility__c]","a239Y0000000YtFQAU","NO1"
"[Charging_Facility__c]","a239Y0000000YtGQAU","NO4"
"[Charging_Facility__c]","a239Y0000000YtHQAU","NO5"
"[Charging_Facility__c]","a239Y0000000YtIQAU","NO3"
"[Charging_Facility__c]","a239Y0000000YtJQAU","NO1"
"[Charging_Facility__c]","a239Y0000000YtKQAU","NO5"
"[Charging_Facility__c]","a239Y0000000YtLQAU","NO1"
"[Charging_Facility__c]","a239Y0000000YtMQAU","NO5"
"[Charging_Facility__c]","a239Y0000000YtNQAU","NO1"
"[Charging_Facility__c]","a239Y0000000YtOQAU","NO1"
"[Charging_Facility__c]","a239Y0000000YtPQAU","NO1"
"[Charging_Facility__c]","a239Y0000000YtQQAU","NO5"
"[Charging_Facility__c]","a239Y0000000YtRQAU","NO5"
"[Charging_Facility__c]","a239Y0000000YtSQAU","NO5"
"[Charging_Facility__c]","a239Y0000000YtTQAU","NO5"
"[Charging_Facility__c]","a239Y0000000YtVQAU","NO1"
"[Charging_Facility__c]","a239Y0000000YtWQAU","NO3"
"[Charging_Facility__c]","a239Y0000000YtXQAU","NO4"
"[Charging_Facility__c]","a239Y0000000YtYQAU","NO4"
"[Charging_Facility__c]","a239Y0000000YtZQAU","NO4"
"[Charging_Facility__c]","a239Y0000000YtaQAE","NO4"
"[Charging_Facility__c]","a239Y0000000YtbQAE","NO4"
"[Charging_Facility__c]","a239Y0000000YtcQAE","NO4"
"[Charging_Facility__c]","a239Y0000000YtdQAE","NO4"
"[Charging_Facility__c]","a239Y0000000YteQAE","NO4"
"[Charging_Facility__c]","a239Y0000000YtfQAE","NO1"
"[Charging_Facility__c]","a239Y0000000YtgQAE","NO3"
"[Charging_Facility__c]","a239Y0000000YthQAE","NO3"
"[Charging_Facility__c]","a239Y0000000YtiQAE","NO3"
"[Charging_Facility__c]","a239Y0000000YtjQAE","NO3"
"[Charging_Facility__c]","a239Y0000000YtkQAE","NO3"
"[Charging_Facility__c]","a239Y0000000YtlQAE","NO3"
"[Charging_Facility__c]","a239Y0000000YtmQAE","NO5"
"[Charging_Facility__c]","a239Y0000000YtnQAE","NO1"
"[Charging_Facility__c]","a239Y0000000YtoQAE","NO3"
"[Charging_Facility__c]","a239Y0000000YtpQAE","NO3"
"[Charging_Facility__c]","a239Y0000000YtqQAE","NO1"
"[Charging_Facility__c]","a239Y0000000YtrQAE","NO5"
"[Charging_Facility__c]","a239Y0000000YtsQAE","NO1"
"[Charging_Facility__c]","a239Y0000000YttQAE","NO1"
"[Charging_Facility__c]","a239Y0000000YtuQAE","NO3"
"[Charging_Facility__c]","a239Y0000000YtvQAE","NO3"
"[Charging_Facility__c]","a239Y0000000YtwQAE","NO3"
"[Charging_Facility__c]","a239Y0000000YtxQAE","NO3"
"[Charging_Facility__c]","a239Y0000000YtyQAE","NO1"
"[Charging_Facility__c]","a239Y0000000YtzQAE","NO3"
"[Charging_Facility__c]","a239Y0000000Yu0QAE","NO1"
"[Charging_Facility__c]","a239Y0000000Yu1QAE","NO5"
"[Charging_Facility__c]","a239Y0000000Yu2QAE","NO5"
"[Charging_Facility__c]","a239Y0000000Yu3QAE","NO5"
"[Charging_Facility__c]","a239Y0000000Yu4QAE","NO5"
"[Charging_Facility__c]","a239Y0000000Yu5QAE","NO1"
"[Charging_Facility__c]","a239Y0000000Yu6QAE","NO3"
"[Charging_Facility__c]","a239Y0000000Yu7QAE","NO1"
"[Charging_Facility__c]","a239Y0000000Yu8QAE","NO3"
"[Charging_Facility__c]","a239Y0000000Yu9QAE","NO2"
"[Charging_Facility__c]","a239Y0000000YuBQAU","NO5"
"[Charging_Facility__c]","a239Y0000000YuCQAU","NO5"
"[Charging_Facility__c]","a239Y0000000YuDQAU","NO3"
"[Charging_Facility__c]","a239Y0000000YuEQAU","NO5"
"[Charging_Facility__c]","a239Y0000000YuFQAU","NO3"
"[Charging_Facility__c]","a239Y0000000YuGQAU","NO3"
"[Charging_Facility__c]","a239Y0000000YuHQAU","NO1"
"[Charging_Facility__c]","a239Y0000000YuJQAU","NO1"
"[Charging_Facility__c]","a239Y0000000YuKQAU","NO2"
"[Charging_Facility__c]","a239Y0000000YuLQAU","NO3"
"[Charging_Facility__c]","a239Y0000000YuMQAU","NO2"
"[Charging_Facility__c]","a239Y0000000YuNQAU","NO3"
"[Charging_Facility__c]","a239Y0000000YuOQAU","NO3"
"[Charging_Facility__c]","a239Y0000000YuPQAU","NO1"
"[Charging_Facility__c]","a239Y0000000YuQQAU","NO1"
"[Charging_Facility__c]","a239Y0000000YuRQAU","NO1"
"[Charging_Facility__c]","a239Y0000000YuSQAU","NO2"
"[Charging_Facility__c]","a239Y0000000YuTQAU","NO3"
"[Charging_Facility__c]","a239Y0000000YuUQAU","NO1"
"[Charging_Facility__c]","a239Y0000000YuVQAU","NO5"
"[Charging_Facility__c]","a239Y0000000YuWQAU","NO3"
"[Charging_Facility__c]","a239Y0000000YuXQAU","NO5"
"[Charging_Facility__c]","a239Y0000000YuYQAU","NO1"
"[Charging_Facility__c]","a239Y0000000YuZQAU","NO3"
"[Charging_Facility__c]","a239Y0000000YuaQAE","NO5"
"[Charging_Facility__c]","a239Y0000000YucQAE","NO3"
"[Charging_Facility__c]","a239Y0000000YulQAE","NO1"
"[Charging_Facility__c]","a239Y0000000YunQAE","NO3"
"[Charging_Facility__c]","a239Y0000000YuoQAE","NO3"
"[Charging_Facility__c]","a239Y0000000YupQAE","NO3"
"[Charging_Facility__c]","a239Y0000000YuqQAE","NO3"
"[Charging_Facility__c]","a239Y0000000YurQAE","NO3"
"[Charging_Facility__c]","a239Y0000000YusQAE","NO1"
"[Charging_Facility__c]","a239Y0000000YutQAE","NO1"
"[Charging_Facility__c]","a239Y0000000YuuQAE","NO1"
"[Charging_Facility__c]","a239Y0000000YuvQAE","NO2"
"[Charging_Facility__c]","a239Y0000000YuwQAE","NO1"
"[Charging_Facility__c]","a239Y0000000YuxQAE","NO1"
"[Charging_Facility__c]","a239Y0000000YuyQAE","NO1"
"[Charging_Facility__c]","a239Y0000000YuzQAE","NO3"
"[Charging_Facility__c]","a239Y0000000Yv0QAE","NO1"
"[Charging_Facility__c]","a239Y0000000Yv1QAE","NO1"
"[Charging_Facility__c]","a239Y0000000Yv2QAE","NO3"
"[Charging_Facility__c]","a239Y0000000Yv4QAE","NO1"
"[Charging_Facility__c]","a239Y0000000Yv5QAE","NO2"
"[Charging_Facility__c]","a239Y0000000Yv6QAE","NO1"
"[Charging_Facility__c]","a239Y0000000Yv7QAE","NO5"
"[Charging_Facility__c]","a239Y0000000Yv8QAE","NO5"
"[Charging_Facility__c]","a239Y0000000Yv9QAE","NO5"
"[Charging_Facility__c]","a239Y0000000YvAQAU","NO1"
"[Charging_Facility__c]","a239Y0000000YvBQAU","NO2"
"[Charging_Facility__c]","a239Y0000000YvCQAU","NO5"
"[Charging_Facility__c]","a239Y0000000YvDQAU","NO1"
"[Charging_Facility__c]","a239Y0000000YvEQAU","NO1"
"[Charging_Facility__c]","a239Y0000000YvFQAU","NO1"
"[Charging_Facility__c]","a239Y0000000YvGQAU","NO1"
"[Charging_Facility__c]","a239Y0000000YvHQAU","NO1"
"[Charging_Facility__c]","a239Y0000000YvIQAU","NO1"
"[Charging_Facility__c]","a239Y0000000YvJQAU","NO1"
"[Charging_Facility__c]","a239Y0000000YvKQAU","NO1"
"[Charging_Facility__c]","a239Y0000000YvLQAU","NO1"
"[Charging_Facility__c]","a239Y0000000YvMQAU","NO1"
"[Charging_Facility__c]","a239Y0000000YvNQAU","NO1"
"[Charging_Facility__c]","a239Y0000000YvOQAU","NO1"
"[Charging_Facility__c]","a239Y0000000YvPQAU","NO3"
"[Charging_Facility__c]","a239Y0000000YvQQAU","NO1"
"[Charging_Facility__c]","a239Y0000000YvRQAU","NO2"
"[Charging_Facility__c]","a239Y0000000YvSQAU","NO5"
"[Charging_Facility__c]","a239Y0000000YvTQAU","NO1"
"[Charging_Facility__c]","a239Y0000000YvUQAU","NO5"
"[Charging_Facility__c]","a239Y0000000YvVQAU","NO2"
"[Charging_Facility__c]","a239Y0000000YvWQAU","NO1"
"[Charging_Facility__c]","a239Y0000000YvXQAU","NO5"
"[Charging_Facility__c]","a239Y0000000YvZQAU","NO3"
"[Charging_Facility__c]","a239Y0000000YvaQAE","NO5"
"[Charging_Facility__c]","a239Y0000000YvbQAE","NO5"
"[Charging_Facility__c]","a239Y0000000YvcQAE","NO2"
"[Charging_Facility__c]","a239Y0000000YvdQAE","NO3"
"[Charging_Facility__c]","a239Y0000000YveQAE","NO1"
"[Charging_Facility__c]","a239Y0000000YvfQAE","NO1"
"[Charging_Facility__c]","a239Y0000000YvgQAE","NO1"
"[Charging_Facility__c]","a239Y0000000YvhQAE","NO1"
"[Charging_Facility__c]","a239Y0000000YviQAE","NO1"
"[Charging_Facility__c]","a239Y0000000YvjQAE","NO3"
"[Charging_Facility__c]","a239Y0000000YvkQAE","NO1"
"[Charging_Facility__c]","a239Y0000000YvlQAE","NO2"
"[Charging_Facility__c]","a239Y0000000YvmQAE","NO3"
"[Charging_Facility__c]","a239Y0000000YvnQAE","NO4"
"[Charging_Facility__c]","a239Y0000000YvoQAE","NO3"
"[Charging_Facility__c]","a239Y0000000YvpQAE","NO3"
"[Charging_Facility__c]","a239Y0000000YvqQAE","NO5"
"[Charging_Facility__c]","a239Y0000000YvrQAE","NO1"
"[Charging_Facility__c]","a239Y0000000YvsQAE","NO2"
"[Charging_Facility__c]","a239Y0000000YvtQAE","NO1"
"[Charging_Facility__c]","a239Y0000000YvuQAE","NO1"
"[Charging_Facility__c]","a239Y0000000YvvQAE","NO3"
"[Charging_Facility__c]","a239Y0000000YvwQAE","NO1"
"[Charging_Facility__c]","a239Y0000000YvxQAE","NO1"
"[Charging_Facility__c]","a239Y0000000YvyQAE","NO5"
"[Charging_Facility__c]","a239Y0000000YvzQAE","NO2"
"[Charging_Facility__c]","a239Y0000000Yw0QAE","NO3"
"[Charging_Facility__c]","a239Y0000000Yw1QAE","NO3"
"[Charging_Facility__c]","a239Y0000000Yw2QAE","NO3"
"[Charging_Facility__c]","a239Y0000000Yw3QAE","NO3"
"[Charging_Facility__c]","a239Y0000000Yw4QAE","NO3"
"[Charging_Facility__c]","a239Y0000000Yw5QAE","NO3"
"[Charging_Facility__c]","a239Y0000000Yw6QAE","NO3"
"[Charging_Facility__c]","a239Y0000000Yw7QAE","NO1"
"[Charging_Facility__c]","a239Y0000000Yw8QAE","NO1"
"[Charging_Facility__c]","a239Y0000000Yw9QAE","NO3"
"[Charging_Facility__c]","a239Y0000000YwAQAU","NO3"
"[Charging_Facility__c]","a239Y0000000YwBQAU","NO5"
"[Charging_Facility__c]","a239Y0000000YwCQAU","NO3"
"[Charging_Facility__c]","a239Y0000000YwDQAU","NO3"
"[Charging_Facility__c]","a239Y0000000YwEQAU","NO3"
"[Charging_Facility__c]","a239Y0000000YwFQAU","NO3"
"[Charging_Facility__c]","a239Y0000000YwGQAU","NO3"
"[Charging_Facility__c]","a239Y0000000YwHQAU","NO3"
"[Charging_Facility__c]","a239Y0000000YwJQAU","NO3"
"[Charging_Facility__c]","a239Y0000000YwKQAU","NO3"
"[Charging_Facility__c]","a239Y0000000YwLQAU","NO3"
"[Charging_Facility__c]","a239Y0000000YwNQAU","NO3"
"[Charging_Facility__c]","a239Y0000000YwPQAU","NO3"
"[Charging_Facility__c]","a239Y0000000YwQQAU","NO3"
"[Charging_Facility__c]","a239Y0000000YwSQAU","NO3"
"[Charging_Facility__c]","a239Y0000000YwTQAU","NO3"
"[Charging_Facility__c]","a239Y0000000YwUQAU","NO3"
"[Charging_Facility__c]","a239Y0000000YwVQAU","NO3"
"[Charging_Facility__c]","a239Y0000000YwWQAU","NO3"
"[Charging_Facility__c]","a239Y0000000YwXQAU","NO3"
"[Charging_Facility__c]","a239Y0000000YwaQAE","NO3"
"[Charging_Facility__c]","a239Y0000000YwbQAE","NO1"
"[Charging_Facility__c]","a239Y0000000YwcQAE","NO1"
"[Charging_Facility__c]","a239Y0000000YwdQAE","NO3"
"[Charging_Facility__c]","a239Y0000000YweQAE","NO3"
"[Charging_Facility__c]","a239Y0000000YwfQAE","NO1"
"[Charging_Facility__c]","a239Y0000000YwgQAE",""
"[Charging_Facility__c]","a239Y0000000YwhQAE","NO2"
"[Charging_Facility__c]","a239Y0000000YwiQAE","NO2"
"[Charging_Facility__c]","a239Y0000000YwjQAE","NO1"
"[Charging_Facility__c]","a239Y0000000YwkQAE","NO1"
"[Charging_Facility__c]","a239Y0000000YwlQAE","NO3"
"[Charging_Facility__c]","a239Y0000000YwmQAE","NO1"
"[Charging_Facility__c]","a239Y0000000YwnQAE","NO2"
"[Charging_Facility__c]","a239Y0000000YwoQAE","NO3"
"[Charging_Facility__c]","a239Y0000000YwpQAE","NO3"
"[Charging_Facility__c]","a239Y0000000YwqQAE","NO3"
"[Charging_Facility__c]","a239Y0000000YwrQAE","NO1"
"[Charging_Facility__c]","a239Y0000000YwsQAE","NO3"
"[Charging_Facility__c]","a239Y0000000YwtQAE","NO3"
"[Charging_Facility__c]","a239Y0000000YwuQAE","NO1"
"[Charging_Facility__c]","a239Y0000000YwvQAE","NO1"
"[Charging_Facility__c]","a239Y0000000YwwQAE","NO1"
"[Charging_Facility__c]","a239Y0000000YwxQAE","NO1"
"[Charging_Facility__c]","a239Y0000000YwyQAE","NO3"
"[Charging_Facility__c]","a239Y0000000YwzQAE","NO1"
"[Charging_Facility__c]","a239Y0000000Yx0QAE","NO3"
"[Charging_Facility__c]","a239Y0000000Yx1QAE","NO3"
"[Charging_Facility__c]","a239Y0000000Yx2QAE","NO3"
"[Charging_Facility__c]","a239Y0000000Yx3QAE","NO1"
"[Charging_Facility__c]","a239Y0000000Yx4QAE","NO1"
"[Charging_Facility__c]","a239Y0000000Yx5QAE","NO1"
"[Charging_Facility__c]","a239Y0000000Yx7QAE","NO1"
"[Charging_Facility__c]","a239Y0000000Yx8QAE","NO3"
"[Charging_Facility__c]","a239Y0000000Yx9QAE","NO1"
"[Charging_Facility__c]","a239Y0000000YxAQAU","NO1"
"[Charging_Facility__c]","a239Y0000000YxBQAU","NO5"
"[Charging_Facility__c]","a239Y0000000YxCQAU","NO1"
"[Charging_Facility__c]","a239Y0000000YxDQAU","NO3"
"[Charging_Facility__c]","a239Y0000000YxEQAU","NO5"
"[Charging_Facility__c]","a239Y0000000YxFQAU","NO5"
"[Charging_Facility__c]","a239Y0000000YxGQAU","NO2"
"[Charging_Facility__c]","a239Y0000000YxHQAU","NO1"
"[Charging_Facility__c]","a239Y0000000YxIQAU","NO1"
"[Charging_Facility__c]","a239Y0000000YxJQAU","NO1"
"[Charging_Facility__c]","a239Y0000000YxKQAU","NO1"
"[Charging_Facility__c]","a239Y0000000YxLQAU","NO2"
"[Charging_Facility__c]","a239Y0000000YxMQAU","NO2"
"[Charging_Facility__c]","a239Y0000000YxNQAU","NO2"
"[Charging_Facility__c]","a239Y0000000YxOQAU","NO2"
"[Charging_Facility__c]","a239Y0000000YxPQAU","NO2"
"[Charging_Facility__c]","a239Y0000000YxQQAU","NO2"
"[Charging_Facility__c]","a239Y0000000YxRQAU","NO2"
"[Charging_Facility__c]","a239Y0000000YxSQAU","NO3"
"[Charging_Facility__c]","a239Y0000000YxTQAU","NO3"
"[Charging_Facility__c]","a239Y0000000YxUQAU","NO2"
"[Charging_Facility__c]","a239Y0000000YxVQAU","NO1"
"[Charging_Facility__c]","a239Y0000000YxWQAU","NO1"
"[Charging_Facility__c]","a239Y0000000YxXQAU","NO3"
"[Charging_Facility__c]","a239Y0000000YxYQAU","NO3"
"[Charging_Facility__c]","a239Y0000000YxZQAU","NO3"
"[Charging_Facility__c]","a239Y0000000YxaQAE","NO5"
"[Charging_Facility__c]","a239Y0000000YxbQAE","NO1"
"[Charging_Facility__c]","a239Y0000000YxcQAE","NO1"
"[Charging_Facility__c]","a239Y0000000YxdQAE","NO1"
"[Charging_Facility__c]","a239Y0000000YxeQAE","NO1"
"[Charging_Facility__c]","a239Y0000000YxfQAE","NO3"
"[Charging_Facility__c]","a239Y0000000YxgQAE","NO5"
"[Charging_Facility__c]","a239Y0000000YxhQAE","NO3"
"[Charging_Facility__c]","a239Y0000000YxiQAE","NO3"
"[Charging_Facility__c]","a239Y0000000YxjQAE","NO3"
"[Charging_Facility__c]","a239Y0000000YxkQAE","NO1"
"[Charging_Facility__c]","a239Y0000000YxlQAE","NO3"
"[Charging_Facility__c]","a239Y0000000YxmQAE","NO1"
"[Charging_Facility__c]","a239Y0000000YxnQAE","NO2"
"[Charging_Facility__c]","a239Y0000000YxoQAE","NO1"
"[Charging_Facility__c]","a239Y0000000YxpQAE","NO1"
"[Charging_Facility__c]","a239Y0000000YxqQAE","NO1"
"[Charging_Facility__c]","a239Y0000000YxrQAE","NO1"
"[Charging_Facility__c]","a239Y0000000YxsQAE","NO1"
"[Charging_Facility__c]","a239Y0000000YxtQAE","NO1"
"[Charging_Facility__c]","a239Y0000000YxvQAE","NO2"
"[Charging_Facility__c]","a239Y0000000YxwQAE","NO2"
"[Charging_Facility__c]","a239Y0000000YxxQAE","NO1"
"[Charging_Facility__c]","a239Y0000000YxyQAE","NO1"
"[Charging_Facility__c]","a239Y0000000YxzQAE","NO1"
"[Charging_Facility__c]","a239Y0000000Yy0QAE","NO1"
"[Charging_Facility__c]","a239Y0000000Yy1QAE","NO5"
"[Charging_Facility__c]","a239Y0000000Yy2QAE","NO1"
"[Charging_Facility__c]","a239Y0000000Yy3QAE","NO5"
"[Charging_Facility__c]","a239Y0000000Yy4QAE","NO1"
"[Charging_Facility__c]","a239Y0000000Yy5QAE","NO5"
"[Charging_Facility__c]","a239Y0000000Yy6QAE","NO5"
"[Charging_Facility__c]","a239Y0000000Yy7QAE","NO1"
"[Charging_Facility__c]","a239Y0000000Yy8QAE","NO3"
"[Charging_Facility__c]","a239Y0000000Yy9QAE","NO1"
"[Charging_Facility__c]","a239Y0000000YyAQAU","NO1"
"[Charging_Facility__c]","a239Y0000000YyBQAU","NO5"
"[Charging_Facility__c]","a239Y0000000YyCQAU","NO1"
"[Charging_Facility__c]","a239Y0000000YyDQAU","NO5"
"[Charging_Facility__c]","a239Y0000000YyEQAU","NO3"
"[Charging_Facility__c]","a239Y0000000YyFQAU","NO3"
"[Charging_Facility__c]","a239Y0000000YyGQAU","NO1"
"[Charging_Facility__c]","a239Y0000000YyHQAU","NO3"
"[Charging_Facility__c]","a239Y0000000YyIQAU","NO4"
"[Charging_Facility__c]","a239Y0000000YyJQAU","NO4"
"[Charging_Facility__c]","a239Y0000000YyKQAU","NO3"
"[Charging_Facility__c]","a239Y0000000YyLQAU","NO5"
"[Charging_Facility__c]","a239Y0000000YyMQAU","NO1"
"[Charging_Facility__c]","a239Y0000000YyNQAU","NO1"
"[Charging_Facility__c]","a239Y0000000YyOQAU","NO3"
"[Charging_Facility__c]","a239Y0000000YyPQAU","NO3"
"[Charging_Facility__c]","a239Y0000000YyQQAU","NO3"
"[Charging_Facility__c]","a239Y0000000YyRQAU","NO5"
"[Charging_Facility__c]","a239Y0000000YySQAU","NO3"
"[Charging_Facility__c]","a239Y0000000YyTQAU","NO3"
"[Charging_Facility__c]","a239Y0000000YyUQAU","NO1"
"[Charging_Facility__c]","a239Y0000000YyVQAU","NO3"
"[Charging_Facility__c]","a239Y0000000YyWQAU","NO3"
"[Charging_Facility__c]","a239Y0000000YyXQAU","NO3"
"[Charging_Facility__c]","a239Y0000000YyYQAU","NO5"
"[Charging_Facility__c]","a239Y0000000YyZQAU","NO1"
"[Charging_Facility__c]","a239Y0000000YyaQAE","NO3"
"[Charging_Facility__c]","a239Y0000000YybQAE","NO3"
"[Charging_Facility__c]","a239Y0000000YycQAE","NO3"
"[Charging_Facility__c]","a239Y0000000YydQAE","NO3"
"[Charging_Facility__c]","a239Y0000000YyeQAE","NO5"
"[Charging_Facility__c]","a239Y0000000YyfQAE","NO5"
"[Charging_Facility__c]","a239Y0000000YygQAE","NO5"
"[Charging_Facility__c]","a239Y0000000YyhQAE","NO1"
"[Charging_Facility__c]","a239Y0000000YyiQAE","NO3"
"[Charging_Facility__c]","a239Y0000000YyjQAE","NO1"
"[Charging_Facility__c]","a239Y0000000YykQAE","NO5"
"[Charging_Facility__c]","a239Y0000000YylQAE","NO3"
"[Charging_Facility__c]","a239Y0000000YymQAE","NO2"
"[Charging_Facility__c]","a239Y0000000YynQAE","NO1"
"[Charging_Facility__c]","a239Y0000000YyoQAE","NO1"
"[Charging_Facility__c]","a239Y0000000YypQAE","NO1"
"[Charging_Facility__c]","a239Y0000000YyqQAE","NO3"
"[Charging_Facility__c]","a239Y0000000YyrQAE","NO1"
"[Charging_Facility__c]","a239Y0000000YysQAE","NO3"
"[Charging_Facility__c]","a239Y0000000YytQAE","NO5"
"[Charging_Facility__c]","a239Y0000000YyuQAE","NO4"
"[Charging_Facility__c]","a239Y0000000YyvQAE","NO1"
"[Charging_Facility__c]","a239Y0000000YywQAE","NO3"
"[Charging_Facility__c]","a239Y0000000YyxQAE","NO3"
"[Charging_Facility__c]","a239Y0000000YyyQAE","NO1"
"[Charging_Facility__c]","a239Y0000000YyzQAE","NO5"
"[Charging_Facility__c]","a239Y0000000Yz0QAE","NO3"
"[Charging_Facility__c]","a239Y0000000Yz1QAE","NO1"
"[Charging_Facility__c]","a239Y0000000Yz2QAE","NO1"
"[Charging_Facility__c]","a239Y0000000Yz3QAE","NO4"
"[Charging_Facility__c]","a239Y0000000Yz4QAE","NO3"
"[Charging_Facility__c]","a239Y0000000Yz5QAE","NO5"
"[Charging_Facility__c]","a239Y0000000Yz6QAE","NO3"
"[Charging_Facility__c]","a239Y0000000Yz7QAE","NO3"
"[Charging_Facility__c]","a239Y0000000Yz8QAE","NO1"
"[Charging_Facility__c]","a239Y0000000Yz9QAE","NO1"
"[Charging_Facility__c]","a239Y0000000YzAQAU","NO1"
"[Charging_Facility__c]","a239Y0000000YzBQAU","NO1"
"[Charging_Facility__c]","a239Y0000000YzCQAU","NO1"
"[Charging_Facility__c]","a239Y0000000YzDQAU","NO5"
"[Charging_Facility__c]","a239Y0000000YzEQAU","NO1"
"[Charging_Facility__c]","a239Y0000000YzFQAU","NO3"
"[Charging_Facility__c]","a239Y0000000YzGQAU","NO1"
"[Charging_Facility__c]","a239Y0000000YzHQAU","NO5"
"[Charging_Facility__c]","a239Y0000000YzIQAU","NO5"
"[Charging_Facility__c]","a239Y0000000YzJQAU","NO5"
"[Charging_Facility__c]","a239Y0000000YzKQAU","NO1"
"[Charging_Facility__c]","a239Y0000000YzLQAU","NO5"
"[Charging_Facility__c]","a239Y0000000YzMQAU","NO1"
"[Charging_Facility__c]","a239Y0000000YzNQAU","NO1"
"[Charging_Facility__c]","a239Y0000000YzOQAU","NO5"
"[Charging_Facility__c]","a239Y0000000YzPQAU","NO1"
"[Charging_Facility__c]","a239Y0000000YzQQAU","NO1"
"[Charging_Facility__c]","a239Y0000000YzRQAU","NO3"
"[Charging_Facility__c]","a239Y0000000YzSQAU","NO3"
"[Charging_Facility__c]","a239Y0000000YzTQAU","NO1"
"[Charging_Facility__c]","a239Y0000000YzUQAU","NO5"
"[Charging_Facility__c]","a239Y0000000YzVQAU","NO2"
"[Charging_Facility__c]","a239Y0000000YzWQAU","NO1"
"[Charging_Facility__c]","a239Y0000000YzXQAU","NO3"
"[Charging_Facility__c]","a239Y0000000YzYQAU","NO3"
"[Charging_Facility__c]","a239Y0000000YzZQAU","NO1"
"[Charging_Facility__c]","a239Y0000000YzaQAE","NO5"
"[Charging_Facility__c]","a239Y0000000YzbQAE","NO3"
"[Charging_Facility__c]","a239Y0000000YzcQAE","NO3"
"[Charging_Facility__c]","a239Y0000000YzpQAE","NO1"
"[Charging_Facility__c]","a239Y0000000YzqQAE","NO2"
"[Charging_Facility__c]","a239Y0000000YzrQAE",""
"[Charging_Facility__c]","a239Y0000000YzsQAE","NO5"
"[Charging_Facility__c]","a239Y0000000YztQAE","NO5"
"[Charging_Facility__c]","a239Y0000000YzuQAE","NO2"
"[Charging_Facility__c]","a239Y0000000YzvQAE","NO1"
"[Charging_Facility__c]","a239Y0000000YzwQAE","NO5"
"[Charging_Facility__c]","a239Y0000000YzxQAE","NO2"
"[Charging_Facility__c]","a239Y0000000YzyQAE","NO5"
"[Charging_Facility__c]","a239Y0000000YzzQAE",""
"[Charging_Facility__c]","a239Y0000000Z00QAE",""
"[Charging_Facility__c]","a239Y0000000Z01QAE","NO3"
"[Charging_Facility__c]","a239Y0000000Z02QAE","NO2"
"[Charging_Facility__c]","a239Y0000000Z03QAE","NO1"
"[Charging_Facility__c]","a239Y0000000Z04QAE","NO2"
"[Charging_Facility__c]","a239Y0000000Z05QAE","NO5"
"[Charging_Facility__c]","a239Y0000000Z06QAE","NO1"
"[Charging_Facility__c]","a239Y0000000Z08QAE","NO2"
"[Charging_Facility__c]","a239Y0000000Z09QAE","NO2"
"[Charging_Facility__c]","a239Y0000000Z0CQAU","NO5"
"[Charging_Facility__c]","a239Y0000000Z0EQAU","NO3"
"[Charging_Facility__c]","a239Y0000000Z0FQAU","NO1"
"[Charging_Facility__c]","a239Y0000000Z0GQAU","NO1"
"[Charging_Facility__c]","a239Y0000000Z0HQAU","NO1"
"[Charging_Facility__c]","a239Y0000000Z0IQAU","NO1"
"[Charging_Facility__c]","a239Y0000000Z0JQAU","NO1"
"[Charging_Facility__c]","a239Y0000000Z0KQAU","NO1"
"[Charging_Facility__c]","a239Y0000000Z0LQAU","NO1"
"[Charging_Facility__c]","a239Y0000000Z0MQAU","NO3"
"[Charging_Facility__c]","a239Y0000000Z0NQAU","NO3"
"[Charging_Facility__c]","a239Y0000000Z0OQAU","NO3"
"[Charging_Facility__c]","a239Y0000000Z0PQAU","NO2"
"[Charging_Facility__c]","a239Y0000000Z0QQAU","NO5"
"[Charging_Facility__c]","a239Y0000000Z0RQAU","NO2"
"[Charging_Facility__c]","a239Y0000000Z0SQAU","NO1"
"[Charging_Facility__c]","a239Y0000000Z0TQAU","NO4"
"[Charging_Facility__c]","a239Y0000000Z0UQAU","NO2"
"[Charging_Facility__c]","a239Y0000000Z0VQAU","NO1"
"[Charging_Facility__c]","a239Y0000000Z0WQAU","NO1"
"[Charging_Facility__c]","a239Y0000000Z0XQAU","NO3"
"[Charging_Facility__c]","a239Y0000000Z0YQAU","NO5"
"[Charging_Facility__c]","a239Y0000000Z0ZQAU","NO2"
"[Charging_Facility__c]","a239Y0000000Z0aQAE","NO1"
"[Charging_Facility__c]","a239Y0000000Z0bQAE","NO1"
"[Charging_Facility__c]","a239Y0000000aV0QAI","NO5"
"[Charging_Facility__c]","a239Y0000000aV1QAI","NO2"
"[Charging_Facility__c]","a239Y0000000aV2QAI","NO5"
"[Charging_Facility__c]","a239Y0000000aV5QAI","NO5"
"[Charging_Facility__c]","a239Y0000000aV6QAI","NO1"
"[Charging_Facility__c]","a239Y0000000aV7QAI","NO2"
"[Charging_Facility__c]","a239Y0000000aV8QAI","NO2"
"[Charging_Facility__c]","a239Y0000000aV9QAI","NO3"
"[Charging_Facility__c]","a239Y0000000aVAQAY","NO1"
"[Charging_Facility__c]","a239Y0000000aVBQAY","NO5"
"[Charging_Facility__c]","a239Y0000000aVCQAY","NO3"
"[Charging_Facility__c]","a239Y0000000aVEQAY","NO1"
"[Charging_Facility__c]","a239Y0000000aVFQAY","NO1"
"[Charging_Facility__c]","a239Y0000000aVGQAY","NO1"
"[Charging_Facility__c]","a239Y0000000aVHQAY","NO1"
"[Charging_Facility__c]","a239Y0000000aVIQAY","NO1"
"[Charging_Facility__c]","a239Y0000000aVJQAY","NO3"
"[Charging_Facility__c]","a239Y0000000aVKQAY","NO3"
"[Charging_Facility__c]","a239Y0000000aVLQAY","NO3"
"[Charging_Facility__c]","a239Y0000000aVMQAY","NO3"
"[Charging_Facility__c]","a239Y0000000aVNQAY","NO2"
"[Charging_Facility__c]","a239Y0000000aVOQAY","NO1"
"[Charging_Facility__c]","a239Y0000000aVPQAY","NO2"
"[Charging_Facility__c]","a239Y0000000aVQQAY","NO5"
"[Charging_Facility__c]","a239Y0000000bHYQAY","NO1"
"[Charging_Facility__c]","a239Y0000000bWxQAI","NO2"
"[Charging_Facility__c]","a239Y0000000bqUQAQ","NO5"
"[Charging_Facility__c]","a239Y0000000bqeQAA","NO5"
"[Charging_Facility__c]","a239Y0000000cQ8QAI","NO2"
"[Charging_Facility__c]","a239Y0000000ca5QAA","NO3"
"[Charging_Facility__c]","a239Y0000000cpSQAQ","NO1"
"[Charging_Facility__c]","a239Y0000000cqfQAA","NO1"
"[Charging_Facility__c]","a239Y0000000d04QAA","NO1"
"[Charging_Facility__c]","a239Y0000000d09QAA","NO1"
"[Charging_Facility__c]","a239Y0000000d3cQAA","NO3"
"[Charging_Facility__c]","a239Y0000000d3vQAA","NO3"
"[Charging_Facility__c]","a239Y0000000dA7QAI","NO3"
"[Charging_Facility__c]","a239Y0000000dhnQAA","NO1"
"[Charging_Facility__c]","a239Y0000000dlgQAA","NO3"
"[Charging_Facility__c]","a239Y0000000dlqQAA","NO3"
"[Charging_Facility__c]","a239Y0000000dpSQAQ","NO1"
"[Charging_Facility__c]","a239Y0000000e3MQAQ","NO5"
"[Charging_Facility__c]","a239Y0000000e4QQAQ","NO1"
"[Charging_Facility__c]","a239Y0000000e4VQAQ","NO1"
"[Charging_Facility__c]","a239Y0000000e4aQAA","NO1"
"[Charging_Facility__c]","a239Y0000000e7JQAQ","NO5"
"[Charging_Facility__c]","a239Y0000000eF1QAI","NO1"
"[Charging_Facility__c]","a239Y0000000eUxQAI","NO3"
"[Charging_Facility__c]","a239Y0000000emyQAA","NO1"
"[Charging_Facility__c]","a239Y0000000f0rQAA","NO1"
"[Charging_Facility__c]","a239Y0000000f0wQAA","NO1"
"[Charging_Facility__c]","a239Y0000000f11QAA","NO1"
"[Charging_Facility__c]","a239Y0000000f16QAA","NO1"
"[Charging_Facility__c]","a239Y0000000fRKQAY","NO1"
"[Charging_Facility__c]","a239Y0000000fVsQAI",""
"[Charging_Facility__c]","a239Y0000000fVxQAI","NO5"
"[Charging_Facility__c]","a239Y0000000flEQAQ","NO3"
"[Charging_Facility__c]","a239Y0000000gHDQAY","NO5"
"[Charging_Facility__c]","a239Y0000000hA9QAI","NO1"
"[Charging_Facility__c]","a239Y0000000hAJQAY","NO1"
"[Charging_Facility__c]","a239Y0000000hAOQAY","NO1"
"[Charging_Facility__c]","a239Y0000000hATQAY",""
"[Charging_Facility__c]","a239Y0000000hEeQAI","NO3"
"[Charging_Facility__c]","a239Y0000000hH5QAI","NO3"
"[Charging_Facility__c]","a239Y0000000i8ZQAQ","NO5"
"[Charging_Facility__c]","a239Y0000000i8eQAA","NO1"
"[Charging_Facility__c]","a239Y0000000i8uQAA","NO1"
"[Charging_Facility__c]","a239Y0000000i9HQAQ","NO1"
"[Charging_Facility__c]","a239Y0000000i9MQAQ","NO1"
"[Charging_Facility__c]","a239Y0000000i9gQAA","NO1"
"[Charging_Facility__c]","a239Y0000000i9lQAA","NO1"
"[Charging_Facility__c]","a239Y0000000i9qQAA","NO1"
"[Charging_Facility__c]","a239Y0000000i9vQAA",""
"[Charging_Facility__c]","a239Y0000000iEuQAI","NO1"
"[Charging_Facility__c]","a239Y0000000igyQAA","NO1"
"[Charging_Facility__c]","a239Y0000000ih8QAA","NO1"
"[Charging_Facility__c]","a239Y0000000ixjQAA","NO5"
"[Charging_Facility__c]","a239Y0000000jE2QAI","NO1"
"[Charging_Facility__c]","a239Y0000000jEgQAI","NO1"
"[Charging_Facility__c]","a239Y0000000jPzQAI","NO5"
"[Charging_Facility__c]","a239Y0000000jQ4QAI","NO5"
"[Charging_Facility__c]","a239Y0000000jQ9QAI","NO5"
"[Charging_Facility__c]","a239Y0000000jQEQAY","NO5"
"[Charging_Facility__c]","a239Y0000000jQJQAY","NO5"
"[Charging_Facility__c]","a239Y0000000jQOQAY","NO5"
"[Charging_Facility__c]","a239Y0000000jQTQAY","NO5"
"[Charging_Facility__c]","a239Y0000000jRzQAI","NO1"
"[Charging_Facility__c]","a239Y0000000jSEQAY","NO1"
"[Charging_Facility__c]","a239Y0000000jW2QAI","NO1"
"[Charging_Facility__c]","a239Y0000000jWMQAY","NO1"
"[Charging_Facility__c]","a239Y0000000jWWQAY","NO1"
"[Charging_Facility__c]","a239Y0000000qUBQAY","NO3"
"[Charging_Facility__c]","a239Y0000000qUVQAY","NO3"
"[Charging_Facility__c]","a239Y0000000qUaQAI","NO3"
"[Charging_Facility__c]","a239Y0000000v0iQAA","NO5"
"[Charging_Facility__c]","a239Y0000000v1gQAA","NO5"
"[Charging_Facility__c]","a239Y0000000v2rQAA","NO5"
"[Charging_Facility__c]","a239Y0000000wfSQAQ","NO3"
"[Charging_Facility__c]","a239Y00000012igQAA","NO3"
"[Charging_Facility__c]","a239Y00000015cvQAA","NO2"
"[Charging_Facility__c]","a239Y0000001Cf7QAE","NO3"
"[Charging_Facility__c]","a239Y0000001GIKQA2","NO1"
"[Charging_Facility__c]","a239Y0000001KNQQA2","NO2"
"[Charging_Facility__c]","a239Y0000001KyJQAU","NO1"
"[Charging_Facility__c]","a239Y0000001TQ3QAM","NO3"
"[Charging_Facility__c]","a239Y0000001WQyQAM",""
"[Charging_Facility__c]","a239Y0000001WRMQA2",""
"[Charging_Facility__c]","a239Y0000001WfiQAE","NO5"
"[Charging_Facility__c]","a239Y0000001X1GQAU","NO1"
"[Charging_Facility__c]","a239Y0000001YVfQAM","NO4"
"[Charging_Facility__c]","a239Y0000001YeZQAU","NO3"
"[Charging_Facility__c]","a239Y0000001aDRQAY","NO5"
"[Charging_Facility__c]","a239Y0000001aDWQAY","NO5"
"[Charging_Facility__c]","a239Y0000001aDbQAI","NO5"
"[Charging_Facility__c]","a239Y0000001aZaQAI","NO1"
"[Charging_Facility__c]","a239Y0000001abfQAA","NO1"
"[Charging_Facility__c]","a239Y0000001e97QAA","NO1"
"[Charging_Facility__c]","a239Y0000001f58QAA","NO2"
"[Charging_Facility__c]","a239Y0000001g1SQAQ","NO3"
"[Charging_Facility__c]","a239Y0000001jvsQAA","NO3"
"[Charging_Facility__c]","a239Y0000001jwpQAA","NO3"
"[Charging_Facility__c]","a239Y0000001umaQAA","NO1"
"[Charging_Facility__c]","a239Y00000025rRQAQ","NO3"
"[Charging_Facility__c]","a239Y00000029zEQAQ","NO3"
"[Charging_Facility__c]","a239Y00000029zJQAQ","NO3"
"[Charging_Facility__c]","a239Y0000002B3iQAE","NO1"
"[Charging_Facility__c]","a239Y0000002C8TQAU","NO2"
"[Charging_Facility__c]","a239Y0000002C8sQAE","NO3"
"[Charging_Facility__c]","a239Y0000002CABQA2","NO1"
"[Charging_Facility__c]","a239Y0000002FlGQAU","NO4"
"[Charging_Facility__c]","a239Y0000002FsIQAU","NO5"
"[Charging_Facility__c]","a239Y0000002FyVQAU","NO5"
"[Charging_Facility__c]","a239Y0000002Fz1QAE","NO5"
"[Charging_Facility__c]","a239Y0000002G0sQAE","NO5"
"[Charging_Facility__c]","a239Y0000002GfnQAE","NO3"
"[Charging_Facility__c]","a239Y0000002GjSQAU","NO3"
"[Charging_Facility__c]","a239Y0000002JZgQAM","NO1"
"[Charging_Facility__c]","a239Y0000002KT5QAM",""
"[Charging_Facility__c]","a239Y0000002WKCQA2","NO5"
"[Charging_Facility__c]","a239Y0000002WKHQA2","NO5"
"[Charging_Facility__c]","a239Y0000002WKbQAM","NO5"
"[Charging_Facility__c]","a239Y0000002Wd4QAE","NO2"
"[Charging_Facility__c]","a239Y0000002Xt8QAE","NO3"
"[Charging_Facility__c]","a239Y0000002bQGQAY","NO4"
"[Charging_Facility__c]","a239Y0000002bm3QAA","NO3"
"[Charging_Facility__c]","a239Y0000002dMQQAY","NO1"
"[Charging_Facility__c]","a239Y0000002dOiQAI","NO1"
"[Charging_Facility__c]","a239Y0000002dP2QAI","NO1"
"[Charging_Facility__c]","a239Y0000002f0wQAA","NO3"
"[Charging_Facility__c]","a239Y0000002jXQQAY","NO5"
"[Charging_Facility__c]","a239Y0000002jXZQAY","NO5"
"[Charging_Facility__c]","a239Y0000002qM1QAI","NO5"
"[Charging_Facility__c]","a239Y0000002qM6QAI","NO5"
"[Charging_Facility__c]","a239Y0000002qN5QAI","NO5"
"[Charging_Facility__c]","a239Y0000002qOWQAY","NO5"
"[Charging_Facility__c]","a239Y0000002qP5QAI","NO5"
"[Charging_Facility__c]","a239Y0000002qPVQAY","NO5"
"[Charging_Facility__c]","a239Y0000002qPZQAY","NO5"
"[Charging_Facility__c]","a239Y0000002qPeQAI","NO5"
"[Charging_Facility__c]","a239Y0000002qQ8QAI","NO5"
"[Charging_Facility__c]","a239Y0000002qQDQAY","NO5"
"[Charging_Facility__c]","a239Y0000002qR6QAI","NO5"
"[Charging_Facility__c]","a239Y0000002wGhQAI","NO1"
"[Charging_Facility__c]","a239Y0000002xf6QAA","NO3"
"[Charging_Facility__c]","a239Y00000038m9QAA","NO5"
"[Charging_Facility__c]","a239Y0000003GuMQAU","NO1"
"[Charging_Facility__c]","a239Y0000003GxiQAE","NO1"
"[Charging_Facility__c]","a239Y0000003H0zQAE","NO1"
"[Charging_Facility__c]","a239Y0000003K9bQAE","NO3"
"[Charging_Facility__c]","a239Y0000003KAuQAM","NO1"
"[Charging_Facility__c]","a239Y0000003SStQAM","NO1"
"[Charging_Facility__c]","a239Y0000003SmFQAU","NO1"
"[Charging_Facility__c]","a239Y0000003efMQAQ","NO3"
"[Charging_Facility__c]","a239Y0000003eqbQAA","NO3"
"[Charging_Facility__c]","a239Y0000003jJwQAI","NO3"
"[Charging_Facility__c]","a239Y0000003kQlQAI","NO5"
"[Charging_Facility__c]","a239Y0000003rkWQAQ","NO1"
"[Charging_Facility__c]","a239Y0000003tOWQAY","NO2"
"[Charging_Facility__c]","a239Y0000003vmTQAQ","NO1"
"[Charging_Facility__c]","a239Y0000003vn2QAA","NO1"
"[Charging_Facility__c]","a239Y0000003vooQAA","NO1"
"[Charging_Facility__c]","a239Y0000003w5UQAQ","NO1"
"[Charging_Facility__c]","a239Y0000003wDJQAY","NO1"
"[Charging_Facility__c]","a239Y0000003wLmQAI","NO1"
"[Charging_Facility__c]","a239Y0000003wc7QAA","NO3"
"[Charging_Facility__c]","a239Y00000049kaQAA","NO1"
"[Charging_Facility__c]","a239Y0000004AIqQAM","NO2"
"[Charging_Facility__c]","a239Y0000004ApuQAE","NO2"
"[Charging_Facility__c]","a239Y0000004AwqQAE","NO5"
"[Charging_Facility__c]","a239Y0000004B6kQAE","NO2"
"[Charging_Facility__c]","a239Y0000004BBfQAM","NO2"
"[Charging_Facility__c]","a239Y0000004BTPQA2","NO1"
"[Charging_Facility__c]","a239Y0000004BoOQAU","NO5"
"[Charging_Facility__c]","a239Y0000004CapQAE","NO3"
"[Charging_Facility__c]","a239Y0000004DtsQAE","NO1"
"[Charging_Facility__c]","a239Y0000004EldQAE","NO1"
"[Charging_Facility__c]","a239Y0000004GEcQAM","NO3"
"[Charging_Facility__c]","a239Y0000004GGxQAM",""
"[Charging_Facility__c]","a239Y0000004JmcQAE","NO1"
"[Charging_Facility__c]","a239Y0000004QnhQAE","NO5"
"[Charging_Facility__c]","a239Y0000004Zf8QAE","NO1"
"[Charging_Facility__c]","a239Y0000004d1PQAQ","NO2"
"[Charging_Facility__c]","a239Y0000004pDTQAY","NO5"
"[Charging_Facility__c]","a239Y0000004phmQAA","NO1"
"[Charging_Facility__c]","a239Y0000004sT3QAI",""
"[Charging_Facility__c]","a239Y0000004sdcQAA","NO1"
"[Charging_Facility__c]","a239Y0000004sweQAA","NO1"
"[Charging_Facility__c]","a239Y0000004vJ1QAI","NO5"
"[Charging_Facility__c]","a239Y0000004vKsQAI","NO5"
"[Charging_Facility__c]","a239Y0000004vLRQAY","NO5"
"[Charging_Facility__c]","a239Y0000004xtsQAA","NO3"
"[Charging_Facility__c]","a239Y0000004y3EQAQ","NO3"
"[Charging_Facility__c]","a239Y00000056rEQAQ",""
"[Charging_Facility__c]","a239Y00000058zqQAA","NO3"
"[Charging_Facility__c]","a239Y00000059VQQAY","NO3"
"[Charging_Facility__c]","a239Y00000059VcQAI","NO3"
"[Charging_Facility__c]","a239Y0000005JC2QAM","NO5"
"[Charging_Facility__c]","a239Y0000005JDTQA2","NO5"
"[Charging_Facility__c]","a239Y0000005JgLQAU",""
"[Charging_Facility__c]","a239Y0000005LZtQAM","NO3"
"[Charging_Facility__c]","a239Y0000005PbFQAU",""
"[Charging_Facility__c]","a239Y0000005QXBQA2","NO1"
"[Charging_Facility__c]","a239Y0000005RSMQA2","NO2"
"[Charging_Facility__c]","a239Y0000005YtgQAE","NO3"
"[Charging_Facility__c]","a239Y0000005Z6gQAE",""
"[Charging_Facility__c]","a239Y0000005aooQAA","NO1"
"[Charging_Facility__c]","a239Y0000005djNQAQ","NO5"
"[Charging_Facility__c]","a239Y0000005jMVQAY",""
"[Charging_Facility__c]","a239Y0000005jRpQAI",""
"[Charging_Facility__c]","a239Y0000005k3oQAA","NO3"
"[Charging_Facility__c]","a239Y0000005o6cQAA",""
"[Charging_Facility__c]","a239Y0000005oGDQAY","NO1"
"[Charging_Facility__c]","a239Y0000005pykQAA","NO5"
"[Charging_Facility__c]","a239Y0000005tJoQAI","NO3"
"[Charging_Facility__c]","a239Y0000005uKcQAI","NO5"
"[Charging_Facility__c]","a239Y0000005ueZQAQ","NO5"
"[Charging_Facility__c]","a239Y0000005ufrQAA","NO5"
"[Charging_Facility__c]","a239Y0000005vf0QAA","NO3"
"[Charging_Facility__c]","a239Y000000621pQAA",""
"[Charging_Facility__c]","a239Y000000634QQAQ","NO3"
"[Charging_Facility__c]","a239Y000000667AQAQ","NO1"
"[Charging_Facility__c]","a239Y0000006AbkQAE","NO1"
"[Charging_Facility__c]","a239Y0000006KpKQAU","NO1"
"[Charging_Facility__c]","a239Y0000006lxiQAA","NO3"
"[Charging_Facility__c]","a239Y0000006m1QQAQ","NO3"
"[Charging_Facility__c]","a239Y0000006m81QAA","NO3"
"[Charging_Facility__c]","a239Y0000006m86QAA","NO3"
"[Charging_Facility__c]","a239Y0000006m8BQAQ","NO3"
"[Charging_Facility__c]","a239Y0000006m8GQAQ","NO3"
"[Charging_Facility__c]","a239Y0000006m8LQAQ","NO3"
"[Charging_Facility__c]","a239Y0000007AwSQAU","NO1"
"[Charging_Facility__c]","a239Y0000007DhrQAE","NO3"
"[Charging_Facility__c]","a239Y0000007Gv8QAE","NO5"
"[Charging_Facility__c]","a239Y0000007HAHQA2","NO5"
"[Charging_Facility__c]","a239Y0000007HBZQA2","NO3"
"[Charging_Facility__c]","a239Y0000007HCdQAM",""
"[Charging_Facility__c]","a239Y0000007HwCQAU","NO1"
"[Charging_Facility__c]","a239Y0000007JM8QAM","NO5"
"[Charging_Facility__c]","a239Y0000007Jd9QAE","NO5"
"[Charging_Facility__c]","a239Y0000007K2DQAU",""
"[Charging_Facility__c]","a239Y0000007K2WQAU","NO1"
"[Charging_Facility__c]","a239Y0000007K4mQAE","NO5"
"[Charging_Facility__c]","a239Y0000007K7aQAE","NO5"
"[Charging_Facility__c]","a239Y0000007KlDQAU","NO1"
"[Charging_Facility__c]","a239Y0000007NHTQA2",""
"[Charging_Facility__c]","a239Y0000007O55QAE","NO1"
"[Charging_Facility__c]","a239Y0000007TfzQAE","NO3"
"[Charging_Facility__c]","a239Y0000007Tg4QAE","NO1"
"[Charging_Facility__c]","a239Y0000007TxJQAU","NO3"
"[Charging_Facility__c]","a239Y0000007U3pQAE",""
"[Charging_Facility__c]","a239Y0000007U5IQAU","NO1"
"[Charging_Facility__c]","a239Y0000007U7OQAU","NO1"
"[Charging_Facility__c]","a239Y0000007UNgQAM","NO1"
"[Charging_Facility__c]","a239Y0000007UzDQAU","NO1"
"[Charging_Facility__c]","a239Y0000007UzIQAU","NO1"
"[Charging_Facility__c]","a239Y0000007UzYQAU","NO1"
"[Charging_Facility__c]","a239Y0000007UzdQAE","NO1"
"[Charging_Facility__c]","a239Y0000007VTuQAM","NO1"
"[Charging_Facility__c]","a239Y0000007VxeQAE","NO5"
"[Charging_Facility__c]","a239Y0000007W9fQAE","NO5"
"[Charging_Facility__c]","a239Y0000007W9kQAE","NO5"
"[Charging_Facility__c]","a239Y0000007W9pQAE","NO5"
"[Charging_Facility__c]","a239Y0000007WNKQA2","NO1"
"[Charging_Facility__c]","a239Y0000007WNwQAM","NO1"
"[Charging_Facility__c]","a239Y0000007Wk8QAE","NO1"
"[Charging_Facility__c]","a239Y0000007X04QAE","NO1"
"[Charging_Facility__c]","a239Y0000007XM8QAM","NO1"
"[Charging_Facility__c]","a239Y0000007XMDQA2","NO1"
"[Charging_Facility__c]","a239Y0000007XRfQAM","NO1"
"[Charging_Facility__c]","a239Y0000007XnSQAU","NO2"
"[Charging_Facility__c]","a239Y0000007YVGQA2","NO1"
"[Charging_Facility__c]","a239Y0000007YVRQA2","NO1"
"[Charging_Facility__c]","a239Y0000007YVzQAM","NO5"
"[Charging_Facility__c]","a239Y0000007hMkQAI","NO3"
"[Charging_Facility__c]","a239Y0000007hniQAA","NO3"
"[Charging_Facility__c]","a239Y0000007hwfQAA","NO1"
"[Charging_Facility__c]","a239Y0000007hxyQAA","NO1"
"[Charging_Facility__c]","a239Y0000007hyDQAQ","NO1"
"[Charging_Facility__c]","a239Y0000007hysQAA","NO5"
"[Charging_Facility__c]","a239Y0000007j32QAA","NO2"
"[Charging_Facility__c]","a239Y0000007jXLQAY",""
"[Charging_Facility__c]","a239Y0000007jmNQAQ",""
"[Charging_Facility__c]","a239Y0000007jprQAA","NO3"
"[Charging_Facility__c]","a239Y0000007jsmQAA","NO1"
"[Charging_Facility__c]","a239Y0000007jubQAA","NO1"
"[Charging_Facility__c]","a239Y0000007k0RQAQ","NO5"
"[Charging_Facility__c]","a239Y0000007k3fQAA",""
"[Charging_Facility__c]","a239Y0000007k8VQAQ",""
"[Charging_Facility__c]","a239Y0000007k8aQAA",""
"[Charging_Facility__c]","a239Y0000007k8fQAA",""
"[Charging_Facility__c]","a239Y0000007k8kQAA",""
"[Charging_Facility__c]","a239Y0000007kB0QAI",""
"[Charging_Facility__c]","a239Y0000007kGfQAI","NO1"
"[Charging_Facility__c]","a239Y0000007kGkQAI","NO1"
"[Charging_Facility__c]","a239Y0000007kGpQAI","NO1"
"[Charging_Facility__c]","a239Y0000007kGuQAI","NO1"
"[Charging_Facility__c]","a239Y0000007ksBQAQ","NO3"
"[Charging_Facility__c]","a239Y0000007ksLQAQ","NO3"
"[Charging_Facility__c]","a239Y0000007l0DQAQ",""
"[Charging_Facility__c]","a239Y0000007lYuQAI","NO3"
"[Charging_Facility__c]","a239Y0000007lcFQAQ","NO1"
"[Charging_Facility__c]","a239Y0000007leTQAQ","NO1"
"[Charging_Facility__c]","a239Y0000007mUTQAY",""
"[Charging_Facility__c]","a239Y0000007mk9QAA","NO5"
"[Charging_Facility__c]","a239Y0000007mkEQAQ","NO5"
"[Charging_Facility__c]","a239Y0000007mkJQAQ","NO5"
"[Charging_Facility__c]","a239Y0000007nFGQAY","NO1"
"[Charging_Facility__c]","a239Y0000007oMlQAI","NO1"
"[Charging_Facility__c]","a239Y0000007oSEQAY","NO1"
"[Charging_Facility__c]","a239Y0000007oSOQAY","NO3"
"[Charging_Facility__c]","a239Y0000007oYqQAI","NO5"
"[Charging_Facility__c]","a239Y0000007oZ5QAI","NO5"
"[Charging_Facility__c]","a239Y0000007oZXQAY","NO2"
"[Charging_Facility__c]","a239Y0000007oZhQAI","NO2"
"[Charging_Facility__c]","a239Y0000007owiQAA","NO3"
"[Charging_Facility__c]","a239Y0000007ownQAA","NO3"
"[Charging_Facility__c]","a239Y0000007oylQAA",""
"[Charging_Facility__c]","a239Y0000007psQQAQ","NO1"
"[Charging_Facility__c]","a239Y0000007qDmQAI","NO1"
"[Charging_Facility__c]","a239Y0000007qFJQAY","NO1"
"[Charging_Facility__c]","a239Y0000007qFYQAY","NO2"
"[Charging_Facility__c]","a239Y0000007qFdQAI",""
"[Charging_Facility__c]","a239Y0000007qGCQAY","NO1"
"[Charging_Facility__c]","a239Y0000007qGhQAI","NO1"
"[Charging_Facility__c]","a239Y0000007qdTQAQ",""
"[Charging_Facility__c]","a239Y0000007r0RQAQ","NO1"
"[Charging_Facility__c]","a239Y0000007r0cQAA","NO1"
"[Charging_Facility__c]","a239Y0000007r2ZQAQ","NO1"
"[Charging_Facility__c]","a239Y0000007tKHQAY","NO5"
"[Charging_Facility__c]","a239Y0000007tiCQAQ","NO1"
"[Charging_Facility__c]","a239Y0000007tiRQAQ","NO1"
"[Charging_Facility__c]","a239Y0000007tilQAA","NO1"
"[Charging_Facility__c]","a239Y0000007tiqQAA","NO1"
"[Charging_Facility__c]","a239Y0000007tjBQAQ","NO1"
"[Charging_Facility__c]","a239Y0000007tjQQAQ","NO1"
"[Charging_Facility__c]","a239Y0000007u1FQAQ","NO5"
"[Charging_Facility__c]","a239Y0000007u1KQAQ","NO5"
"[Charging_Facility__c]","a239Y0000007u1PQAQ","NO3"
"[Charging_Facility__c]","a239Y0000007uOAQAY","NO1"
"[Charging_Facility__c]","a239Y0000007uQDQAY","NO1"
"[Charging_Facility__c]","a239Y0000007uRaQAI","NO1"
"[Charging_Facility__c]","a239Y0000007uZLQAY","NO1"
"[Charging_Facility__c]","a239Y0000007uqKQAQ","NO1"
"[Charging_Facility__c]","a239Y0000007uqhQAA",""
"[Charging_Facility__c]","a239Y0000007vH5QAI","NO1"
"[Charging_Facility__c]","a239Y0000007vYQQAY","NO1"
"[Charging_Facility__c]","a239Y0000007vfQQAQ","NO1"
"[Charging_Facility__c]","a239Y00000086yJQAQ","NO1"
"[Charging_Facility__c]","a239Y00000087wNQAQ","NO3"
"[Charging_Facility__c]","a239Y00000088JeQAI","NO1"
"[Charging_Facility__c]","a239Y00000088RVQAY","NO3"
"[Charging_Facility__c]","a239Y00000088RaQAI","NO3"
"[Charging_Facility__c]","a239Y00000088bMQAQ","NO1"
"[Charging_Facility__c]","a239Y00000088h3QAA","NO4"
"[Charging_Facility__c]","a239Y00000089DDQAY","NO5"
"[Charging_Facility__c]","a239Y00000089v5QAA","NO5"
"[Charging_Facility__c]","a239Y00000089w4QAA","NO2"
"[Charging_Facility__c]","a239Y00000089x2QAA","NO2"
"[Charging_Facility__c]","a239Y0000008A2OQAU","NO3"
"[Charging_Facility__c]","a239Y0000008A2PQAU","NO3"
"[Charging_Facility__c]","a239Y0000008A2QQAU","NO3"
"[Charging_Facility__c]","a239Y0000008A2RQAU","NO3"
"[Charging_Facility__c]","a239Y0000008A2SQAU","NO3"
"[Charging_Facility__c]","a239Y0000008A2TQAU","NO3"
"[Charging_Facility__c]","a239Y0000008AHXQA2",""
"[Charging_Facility__c]","a239Y0000008AXNQA2",""
"[Charging_Facility__c]","a239Y0000008Ad2QAE","NO3"
"[Charging_Facility__c]","a239Y0000008AlYQAU","NO3"
"[Charging_Facility__c]","a239Y0000008AliQAE","NO3"
"[Charging_Facility__c]","a239Y0000008AxxQAE","NO1"
"[Charging_Facility__c]","a239Y0000008Ay2QAE","NO1"
"[Charging_Facility__c]","a239Y0000008BmdQAE","NO3"
"[Charging_Facility__c]","a239Y0000008BpiQAE","NO2"
"[Charging_Facility__c]","a239Y0000008C67QAE","NO1"
"[Charging_Facility__c]","a239Y0000008CJYQA2","NO3"
"[Charging_Facility__c]","a239Y0000008CNMQA2","NO1"
"[Charging_Facility__c]","a239Y0000008CgJQAU",""
"[Charging_Facility__c]","a239Y0000008CvmQAE","NO3"
"[Charging_Facility__c]","a239Y0000008D7kQAE","NO3"
"[Charging_Facility__c]","a239Y0000008D8SQAU","NO3"
"[Charging_Facility__c]","a239Y0000008DY9QAM","NO5"
"[Charging_Facility__c]","a239Y0000008EM5QAM",""
"[Charging_Facility__c]","a239Y0000008EOSQA2",""
"[Charging_Facility__c]","a239Y0000008F2nQAE","NO3"
"[Charging_Facility__c]","a239Y0000008FwWQAU","NO5"
"[Charging_Facility__c]","a239Y0000008FwjQAE","NO1"
"[Charging_Facility__c]","a239Y0000008GHVQA2",""
"[Charging_Facility__c]","a239Y0000008GqzQAE","NO3"
"[Charging_Facility__c]","a239Y0000008HCfQAM","NO5"
"[Charging_Facility__c]","a239Y0000008HK7QAM","NO1"
"[Charging_Facility__c]","a239Y0000008HoLQAU",""
"[Charging_Facility__c]","a23W60000000ifNIAQ","NO3"
"[Charging_Facility__c]","a23W60000000igzIAA","NO3"
"[Charging_Facility__c]","a23W60000000iibIAA","NO3"
"[Charging_Facility__c]","a23W60000001FcvIAE","NO3"
"[Charging_Facility__c]","a23W60000001FeXIAU","NO3"
"[Charging_Facility__c]","a23W60000001Fg9IAE","NO3"
"[Charging_Facility__c]","a23W60000001FhlIAE","NO3"
"[Charging_Facility__c]","a23W60000001FjNIAU","NO3"
"[Charging_Facility__c]","a23W60000001FkzIAE","NO3"
"[Charging_Facility__c]","a23W60000001FmbIAE","NO3"
"[Charging_Facility__c]","a23W60000001FppIAE","NO3"
"[Charging_Facility__c]","a23W600000020gfIAA","NO1"
"[Charging_Facility__c]","a23W600000020jtIAA","NO1"
"[Charging_Facility__c]","a23W600000020rxIAA","NO1"
"[Charging_Facility__c]","a23W60000002FNxIAM","NO2"
"[Charging_Facility__c]","a23W60000002b8LIAQ","NO5"
"[Charging_Facility__c]","a23W60000004nGfIAI","NO3"
"[Charging_Facility__c]","a23W60000004p7BIAQ","NO3"
"[Charging_Facility__c]","a23W60000005WVVIA2",""
"[Charging_Facility__c]","a23W60000005gQ2IAI",""
"[Charging_Facility__c]","a23W60000005w09IAA","NO1"
"[Charging_Facility__c]","a23W60000007QdiIAE",""
"[Charging_Facility__c]","a23W600000081yDIAQ",""
"[Charging_Facility__c]","a23W6000000B4RhIAK","NO3"
"[Charging_Facility__c]","a23W6000000DD7VIAW","NO1"
"[Charging_Facility__c]","a23W6000000DDCLIA4","NO1"
"[Charging_Facility__c]","a23W6000000DDHBIA4","NO1"
"[Charging_Facility__c]","a23W6000000DDInIAO","NO1"
"[Charging_Facility__c]","a23W6000000E5z7IAC","NO2"
"[Charging_Facility__c]","a23W6000000ELvpIAG","NO3"
"[Charging_Facility__c]","a23W6000000EqrZIAS","NO5"
"[Charging_Facility__c]","a23W6000000FUsFIAW","NO1"
"[Charging_Facility__c]","a23W6000000HScbIAG","NO3"
"[Charging_Facility__c]","a23W6000000HT0nIAG","NO1"
"[Charging_Facility__c]","a23W6000000HTIXIA4","NO1"
"[Charging_Facility__c]","a23W6000000I5yvIAC","NO3"
"[Charging_Facility__c]","a23W6000000ILFhIAO","NO3"
"[Charging_Facility__c]","a23W6000000JQA5IAO","NO1"
"[Charging_Facility__c]","a23W6000000JeGHIA0",""
"[Charging_Facility__c]","a23W6000000Ld4nIAC",""
"[Charging_Facility__c]","a23W6000000MkAfIAK","NO3"
"[Charging_Facility__c]","a23W6000000MkdhIAC","NO3"
"[Charging_Facility__c]","a23W6000000MlI1IAK",""
"[Charging_Facility__c]","a23W6000000MydRIAS",""
"[Charging_Facility__c]","a23W6000000MyojIAC",""
"[Charging_Facility__c]","a23W6000000N3YHIA0","NO1"
"[Charging_Facility__c]","a23W6000000NYXFIA4","NO1"
"[Charging_Facility__c]","a23W6000000O9GfIAK",""
"[Charging_Facility__c]","a23W6000000Ob3FIAS","NO5"
"[Charging_Facility__c]","a23W6000000OeynIAC",""
"[Charging_Facility__c]","a23W6000000PuBtIAK","NO1"
"[Charging_Facility__c]","a23W6000000Q7STIA0",""
"[Charging_Facility__c]","a23W6000000QEqXIAW",""
"[Charging_Facility__c]","a23W6000000Qo1BIAS","NO2"
"[Charging_Facility__c]","a23W6000000S2LRIA0","NO2"
"[Charging_Facility__c]","a23W6000000SMs1IAG",""
"[Charging_Facility__c]","a23W6000000SPLFIA4","NO1"
"[Charging_Facility__c]","a23W6000000SRzlIAG","NO1"
"[Charging_Facility__c]","a23W6000000TREXIA4","NO1"
"[Charging_Facility__c]","a23W6000000TRG9IAO","NO1"
"[Charging_Facility__c]","a23W6000000TpGrIAK",""
"[Charging_Facility__c]","a23W6000000UVRNIA4","NO3"
"[Charging_Facility__c]","a23W6000000UVSzIAO",""
"[Charging_Facility__c]","a23W6000000VUWVIA4","NO3"
"[Charging_Facility__c]","a23W6000000WRt7IAG",""
"[Charging_Facility__c]","a23W6000000WbpFIAS",""
"[Charging_Facility__c]","a23W6000000X1jhIAC",""
"[Charging_Facility__c]","a23W6000000XDXxIAO",""
"[Charging_Facility__c]","a23W6000000Y7dNIAS","NO2"
"[Charging_Facility__c]","a23W6000000YElJIAW","NO5"
"[Charging_Facility__c]","a23W6000000YmlNIAS","NO1"
"[Charging_Facility__c]","a23W6000000ZDnBIAW","NO3"
"[Charging_Facility__c]","a23W6000000ak7ZIAQ","NO2"
"[Charging_Facility__c]","a23W6000000bYPJIA2",""
"[Charging_Facility__c]","a23W6000000bYYzIAM","NO3"
"[Charging_Facility__c]","a23W6000000bmLpIAI",""
"[Charging_Facility__c]","a23W6000000cGQLIA2","NO2"
"[Charging_Facility__c]","a23W6000000cGa1IAE",""
"[Charging_Facility__c]","a23W6000000d9D7IAI","NO5"
"[Charging_Facility__c]","a23W6000000g4onIAA","NO1"
"[Charging_Facility__c]","a23W6000000g4wrIAA","NO1"
"[Charging_Facility__c]","a23W6000000gHm1IAE",""
"[Charging_Facility__c]","a23W6000000gHqrIAE",""
"[Charging_Facility__c]","a23W6000000gMc1IAE",""
"[Charging_Facility__c]","a23W6000000hGCnIAM",""
"[Charging_Facility__c]","a23W6000000hGHdIAM","NO1"
"[Charging_Facility__c]","a23W6000000hX0jIAE","NO3"
"[Charging_Facility__c]","a23W6000000hXC1IAM",""
"[Charging_Facility__c]","a23W6000000hfj3IAA","NO3"
"[Charging_Facility__c]","a23W6000000hyTxIAI","NO1"
"[Charging_Facility__c]","a23W6000000i2XZIAY","NO1"
"[Charging_Facility__c]","a23W6000000iD6PIAU","NO5"
"[Charging_Facility__c]","a23W6000000iEP3IAM","NO3"
"[Charging_Facility__c]","a23W6000000iEgnIAE",""
"[Charging_Facility__c]","a23W6000000iKKnIAM","NO1"
"[Charging_Facility__c]","a23W6000000ikf3IAA","NO2"
"[Charging_Facility__c]","a23W6000000ioE1IAI",""
"[Charging_Facility__c]","a23W6000000iqR7IAI","NO1"
"[Charging_Facility__c]","a23W6000000jB8zIAE","NO1"
"[Charging_Facility__c]","a23W6000000jBAbIAM","NO1"
"[Charging_Facility__c]","a23W6000000jBFRIA2","NO1"
"[Charging_Facility__c]","a23W6000000jV65IAE","NO1"
"[Charging_Facility__c]","a23W6000000jWTZIA2","NO1"
"[Charging_Facility__c]","a23W6000000jYITIA2","NO1"
"[Charging_Facility__c]","a23W6000000jYdRIAU",""
"[Charging_Facility__c]","a23W6000000jncTIAQ",""
"[Charging_Facility__c]","a23W6000000kKq9IAE","NO1"
"[Charging_Facility__c]","a23W6000000m5DVIAY","NO3"
"[Charging_Facility__c]","a23W6000000ncH3IAI","NO3"
"[Charging_Facility__c]","a23W6000000ncIfIAI","NO3"
"[Charging_Facility__c]","a23W6000000ncKHIAY","NO3"
"[Charging_Facility__c]","a23W6000000pvvVIAQ","NO3"
"[Charging_Facility__c]","a23W6000000s40DIAQ","NO1"
"[Charging_Facility__c]","a23W6000000s4oDIAQ","NO1"
"[Charging_Facility__c]","a23W6000000s4ufIAA","NO1"
"[Charging_Facility__c]","a23W6000000s5HFIAY","NO3"
"[Charging_Facility__c]","a23W6000000siFNIAY",""
"[Charging_Facility__c]","a23W6000000tdlVIAQ",""
"[Charging_Facility__c]","a23W6000000uIrtIAE",""
"[Charging_Facility__c]","a23W6000000uMsHIAU","NO1"
"[Charging_Facility__c]","a23W6000000uNJhIAM",""
"[Charging_Facility__c]","a23W6000000uNoLIAU",""
"[Charging_Facility__c]","a23W6000000vFDdIAM","NO5"
"[Charging_Facility__c]","a23W6000000vpdhIAA",""
"[Charging_Facility__c]","a23W6000000wemfIAA",""
"[Charging_Facility__c]","a23W6000000wf4PIAQ",""
"[Charging_Facility__c]","a23W6000000wfKXIAY",""
"[Charging_Facility__c]","a23W6000000xKp7IAE","NO1"
"[Charging_Facility__c]","a23W6000000xKxBIAU","NO1"
"[Charging_Facility__c]","a23W6000000yTS9IAM","NO3"
"[Charging_Facility__c]","a23W6000000zwgbIAA","NO3"
"[Charging_Facility__c]","a23W60000010ijdIAA",""
"[Charging_Facility__c]","a23W60000010lrBIAQ",""
"[Charging_Facility__c]","a23W60000011SPtIAM","NO3"
"[Charging_Facility__c]","a23W60000011SUjIAM","NO3"
"[Charging_Facility__c]","a23W60000011VdtIAE","NO3"
"[Charging_Facility__c]","a23W60000011VfVIAU","NO3"
"[Charging_Facility__c]","a23W60000011VlxIAE","NO3"
"[Charging_Facility__c]","a23W60000011hn7IAA","NO3"
"[Charging_Facility__c]","a23W60000012iIvIAI",""
"[Charging_Facility__c]","a23W60000012iKXIAY","NO1"
"[Charging_Facility__c]","a23W60000012nQfIAI","NO3"
"[Charging_Facility__c]","a23W60000012nbxIAA",""
"[Charging_Facility__c]","a23W60000012yE1IAI",""
"[Charging_Facility__c]","a23W60000013t4DIAQ",""
"[Charging_Facility__c]","a23W60000013zPlIAI",""
"[Charging_Facility__c]","a23W60000015RlNIAU","NO3"
"[Charging_Facility__c]","a23W60000018DtxIAE",""
"[Charging_Facility__c]","a23W6000001JtmbIAC",""
"[Charging_Facility__c]","a23W6000001Lx1JIAS","NO3"
"[Charging_Facility__c]","a23W6000001MNJxIAO","NO3"
"[Charging_Facility__c]","a23W6000001Py3dIAC",""
"[Charging_Facility__c]","a23W6000001aO3HIAU","NO1"
"[Charging_Facility__c]","a23W6000001aOMcIAM","NO1"
"[Charging_Facility__c]","a23W6000001aQ0DIAU","NO1"
"[Charging_Facility__c]","a23W6000001aRCPIA2","NO1"
"[Charging_Facility__c]","a23W6000001aRZ0IAM","NO1"
"[Charging_Facility__c]","a23W6000001aTanIAE","NO1"
"[Charging_Facility__c]","a23W6000001aUILIA2","NO1"
"[Charging_Facility__c]","a23W6000001aUdJIAU","NO1"
"[Charging_Facility__c]","a23W6000001aUv3IAE","NO1"
"[Charging_Facility__c]","a23W6000001cwDhIAI",""
"[Charging_Facility__c]","a23W6000001eMajIAE",""
"[Charging_Facility__c]","a23W6000001eiHtIAI","NO5"
"[Charging_Facility__c]","a23W6000001ewSvIAI",""
"[Charging_Facility__c]","a23W6000001ewhRIAQ",""
"[Charging_Facility__c]","a23W6000001fmEbIAI",""
"[Charging_Facility__c]","a23W6000001g3ddIAA",""
"[Charging_Facility__c]","a23W6000001hNyTIAU",""
"[Charging_Facility__c]","a23W6000001hSrhIAE",""
"[Charging_Facility__c]","a23W6000001hTnlIAE","NO3"
"[Charging_Facility__c]","a23W6000001iJXpIAM",""
"[Charging_Facility__c]","a23W6000001iJkjIAE",""
"[Charging_Facility__c]","a23W6000001iKdZIAU",""
"[Charging_Facility__c]","a23W6000001kh7pIAA","NO1"